student_id,course,year,interests,avg_quiz_score
35a31a87-bd59-4d2b-9fe7-1fbf984f9711,ME,2,"['Networks', 'NLP']",73
31af156c-a6e6-4f6b-a656-53849a48cb44,CS,2,"['NLP', 'AI']",77
c7a32dc4-9131-40e0-a105-b2bafe11456f,CS,2,"['Blockchain', 'ML']",87
a7ccf185-bed6-44fb-899d-4b14cd8da5d8,CE,3,"['AI', 'ML']",68
507b57cb-c663-4062-86c1-8539e80b3347,ME,1,"['ML', 'NLP']",90
46555ca6-7a50-48d8-ad2c-1134d89e1865,CS,2,"['Networks', 'NLP']",63
ef37d01d-2a20-41ed-ae0b-a15b7528a49c,EE,2,"['AI', 'Networks']",53
34eb5c2c-d6be-4607-aa7d-733ed54fb705,EE,1,"['Networks', 'AI']",75
24ad99a7-6c95-44c7-abad-ae013ca88f90,CE,3,"['Networks', 'ML']",62
4fbe60fb-dfc5-412e-9232-eed54350ef9c,CS,3,"['Networks', 'NLP']",87
5584fc89-a226-4867-baab-ae1bc39b9817,CS,4,"['Networks', 'NLP']",83
7c267c85-7926-43a4-8553-0237d3b8b732,ME,1,"['ML', 'AI']",65
2f7b3620-c0f1-4fe5-bb85-c9f44a37604e,EE,1,"['Blockchain', 'Networks']",50
f27ada5d-ec6f-4a48-925c-d80495e9f13f,EE,3,"['ML', 'Blockchain']",99
89611047-bf55-4947-a8e5-511bf6edbc48,EE,1,"['Networks', 'Blockchain']",96
fff703b9-08cd-448a-8a77-1b49a103c7c1,CE,4,"['NLP', 'Networks']",99
74bb4449-c7b7-46e1-8372-482b71e3d965,CE,2,"['ML', 'NLP']",51
a427ed85-9123-4f38-9d70-ba36ea04b049,CS,4,"['AI', 'Blockchain']",50
4f2141af-fc6d-46f5-8175-6332e20e37a5,CE,2,"['ML', 'NLP']",84
04da2e22-8afd-451d-9ee5-06a050bcf62e,CS,3,"['Networks', 'AI']",99
241bbd7b-bd72-4b31-9d65-09e10f441c9e,EE,2,"['AI', 'Networks']",77
09d54166-557b-4bfc-a58f-d9d83fb36309,CE,4,"['Blockchain', 'Networks']",52
b994410f-1f48-461d-92b2-61982b411298,CE,2,"['AI', 'Blockchain']",65
21fe6f40-e5e7-4d01-8288-18bce7db43a8,EE,3,"['Networks', 'AI']",59
21c5c016-d401-4537-9cf6-6e6aa9406a90,CS,1,"['Networks', 'ML']",67
7b6fcd09-6da2-44b1-9a11-3adccc4b968a,CE,4,"['AI', 'NLP']",83
c59ac9d1-88f3-495b-809c-77f348d5feb2,CE,2,"['ML', 'AI']",84
c865f48b-d434-402b-b235-f02d9ed4c2c9,EE,3,"['Blockchain', 'Networks']",93
491faabb-8950-4b84-ad3c-ff08d8be286a,ME,4,"['AI', 'ML']",78
091037ce-54e9-424a-bd71-8dd272958d6c,EE,1,"['NLP', 'Blockchain']",74
83559d9d-0a5b-4be9-8fdd-676fbd0bbed4,CE,3,"['NLP', 'AI']",66
ef1bce7a-cea9-41f5-b145-e5dc62983e0b,CS,3,"['AI', 'Blockchain']",95
a22bd296-6309-4629-8254-83f4b8c322c1,CS,2,"['Blockchain', 'ML']",86
db687292-2aee-44ac-988e-a34b454b8414,EE,1,"['AI', 'ML']",82
ac8ce443-b219-4cc6-9df5-a09fcc5754a9,CS,3,"['ML', 'NLP']",71
36cdd6b6-ecf7-4b22-a81d-2680a8767ac6,CS,4,"['Networks', 'ML']",63
1ab5d6fe-0348-471a-8344-69a45c3aa4cb,ME,2,"['Networks', 'ML']",67
f43622b3-5cec-44c3-8c39-e1279843d837,CE,3,"['Blockchain', 'ML']",91
49ce4a3b-d757-4725-864f-588cc4c795ea,CS,2,"['AI', 'Networks']",56
3b3403a1-5ec7-49b6-abde-17a1791bfe23,CE,1,"['NLP', 'Blockchain']",65
669985c2-92e6-47dd-96e6-5e57384ebfc8,CE,4,"['Blockchain', 'NLP']",85
2cfd9b2a-2b76-4afe-98b5-33fe2bca9bd0,ME,2,"['ML', 'Networks']",53
48b1ca71-e93a-49e1-a1fc-74d56590663e,EE,1,"['AI', 'Networks']",76
0ddb84c7-1745-44d4-8482-af661b5fc22f,EE,4,"['AI', 'Blockchain']",95
0343836c-6320-4705-925d-0554dcb50287,CS,4,"['Networks', 'Blockchain']",59
ac64f4eb-15ec-452f-8f6c-26ead2b847f2,EE,1,"['ML', 'NLP']",95
48b2a0a3-7263-4b53-9829-bb5e9a4806ac,ME,1,"['ML', 'Blockchain']",98
6f5bd62a-537a-4e38-9515-651f4ccb70ee,EE,3,"['Blockchain', 'Networks']",54
11c5c80e-985f-4306-9853-d70e1fae613b,ME,1,"['AI', 'Networks']",54
80bb1356-255c-4bf5-86cd-bdf426cc08c6,CS,1,"['Blockchain', 'Networks']",78
6578a64b-8cbd-400c-8c47-173dcae99741,CS,1,"['ML', 'Blockchain']",79
dfe32906-76e0-42d2-b31a-fa97c03555b1,EE,1,"['AI', 'ML']",61
9bcc9520-1ad6-499d-8696-3dcd00557e9f,CE,3,"['Blockchain', 'AI']",84
0bfaab1c-8fa8-49aa-9312-66b3b9a2ba40,EE,1,"['AI', 'NLP']",69
a56fc946-451e-493a-a310-c7cbfeaacff6,EE,4,"['ML', 'NLP']",89
f2bd98cd-7dd4-48b6-85c9-9fba3433fe57,CE,1,"['ML', 'NLP']",99
ee935c8d-f294-48fb-9314-5cdf104b3cad,CS,3,"['NLP', 'Blockchain']",73
8df7d04e-f36d-4fee-ba1d-7380f9d373fe,EE,2,"['AI', 'Networks']",64
e973db7c-5624-4596-b51d-8d0b1c5af096,ME,1,"['Blockchain', 'Networks']",57
3237e47d-d58c-4368-93fa-c0175ddc2224,CS,4,"['ML', 'Networks']",63
07c76bc4-3069-48c4-8d36-3aba27e01a57,CE,1,"['AI', 'ML']",52
0f742d6f-7526-4ef3-93fe-1be4ee9d8288,CE,3,"['Blockchain', 'NLP']",89
c1b7f9f4-afb3-41c4-92eb-08dddd21c871,CE,4,"['Networks', 'NLP']",77
ba8365e6-3b6b-44b6-9eab-a73790b668b5,EE,2,"['ML', 'Blockchain']",66
f2ead951-b311-4825-8a7a-5ef0127fd72c,CS,3,"['Blockchain', 'Networks']",81
4f2f7b76-8012-470f-8fac-009ea5649bb2,CE,3,"['AI', 'ML']",52
f1ce16d5-88dd-47d5-bc4d-96fa0b87bd2b,CS,2,"['Blockchain', 'AI']",92
06634ba7-484b-420f-9ea9-989b0fd418a2,CE,1,"['ML', 'AI']",56
1f09d6b0-3090-4181-b1b4-a0a79ce92d72,EE,2,"['NLP', 'Blockchain']",96
0269f0da-8abf-4dd5-a3c3-544f185ba62f,CS,1,"['ML', 'AI']",98
547e2df1-f4f9-4b88-a341-05336751ef83,CS,2,"['NLP', 'Networks']",84
8cd08ba4-721e-4932-a2a0-4f4e943d75be,CS,4,"['ML', 'Networks']",54
8e3b1b72-a728-483e-b27d-d51fd926c3d1,CE,4,"['NLP', 'AI']",90
54114c8f-dab0-46fb-b700-ddfc0830e6ce,EE,1,"['ML', 'Blockchain']",56
7678e1fd-0808-4b4f-9d7b-dac7aea6970f,CE,1,"['NLP', 'Blockchain']",79
232d8458-a78d-4c47-9da3-7d23b111cf87,CE,2,"['NLP', 'Blockchain']",51
b03843be-0fec-4082-87e2-8158e8e533a7,ME,1,"['AI', 'Blockchain']",50
b4bc5135-328b-426a-b8c5-ed0bbab8d0ce,EE,1,"['AI', 'Blockchain']",70
c726855a-ee72-4a36-b2be-9faadd223a82,CS,2,"['Networks', 'NLP']",90
b7c1d783-6d26-46b1-ab65-d2bdaa233716,EE,3,"['AI', 'NLP']",82
076c1a42-36a8-4cb4-a00e-07c86d34669f,ME,2,"['AI', 'NLP']",68
c634495c-703c-41b9-9e00-8395f3ee1f4d,ME,4,"['ML', 'AI']",57
dc5bdd65-e61f-4c5a-b7fe-ac91eeab0ca9,CS,3,"['NLP', 'ML']",68
063417ed-d539-48ea-99b5-5c3d57d0803c,ME,1,"['AI', 'Networks']",98
d1d1ff56-c606-46ff-8ea4-7aa86d830848,CE,4,"['Blockchain', 'Networks']",55
a43e83d1-e5ef-4cdc-ac5a-6e1c0252a1aa,CS,2,"['AI', 'Blockchain']",81
40e39f3b-78b7-4211-bd81-74eeaf3588dd,CE,4,"['NLP', 'ML']",83
6ef60e79-e52f-41ad-80f2-0c27e9a1bcd0,EE,1,"['NLP', 'Blockchain']",60
7c065843-b236-4450-9193-728b063499f3,CS,2,"['NLP', 'Blockchain']",65
4a8e9a85-7bcd-400f-88a9-d878da58567c,CS,2,"['Networks', 'NLP']",95
b1983282-3051-4cf6-bd76-43baa9892f6f,CS,4,"['AI', 'NLP']",52
923b9bb9-8076-417d-a4f8-242073e4b104,CE,3,"['ML', 'AI']",53
5d916896-a92b-4a35-8573-c61dad8b1a25,ME,3,"['ML', 'Blockchain']",70
b8513a74-9e83-44c8-a735-7a3abaee9d43,EE,2,"['ML', 'Blockchain']",81
32bdfa90-a24d-4247-8afd-50d484156ce1,CE,3,"['NLP', 'ML']",89
0a895689-1475-49bc-8f5f-c26c1e352475,EE,3,"['Networks', 'NLP']",79
18968468-d47b-4721-ab5d-9d68c1f3ac40,ME,4,"['Blockchain', 'NLP']",98
61e1a76c-2881-42c6-8e35-cfb7380863e7,CS,3,"['ML', 'Networks']",61
3466450a-7a0b-4c3f-9638-b504ff6463f8,CE,4,"['NLP', 'Blockchain']",94
88d19fd4-bfb1-487f-b8de-154d6f51b344,EE,4,"['Networks', 'Blockchain']",71
44f863f9-4f65-4ea2-a8b1-59f93869cabe,CE,1,"['NLP', 'AI']",69
4e3c03ad-75ce-4d2e-9c46-ae7d015df72b,ME,1,"['ML', 'AI']",62
cd3c4b05-e218-43b5-8451-e353895d10e0,CS,3,"['Blockchain', 'Networks']",91
ecb5fecc-ed54-4c04-8af7-5d6632a9f27a,ME,2,"['ML', 'NLP']",83
844be264-89c1-4543-8b69-ff99b17ec3d2,CE,4,"['AI', 'Networks']",92
193d27cf-91d4-42e9-926e-76b5b3ca6699,ME,2,"['NLP', 'AI']",97
7318435f-22a6-41af-a14f-86de1492db1a,CE,3,"['Networks', 'AI']",51
61b0192d-ded2-40a4-ad2a-103329cd184a,CE,3,"['Blockchain', 'AI']",66
4436080b-b2ec-4ae8-8917-76b8d9fc1e4a,ME,1,"['Networks', 'AI']",59
ea1fb1cc-c007-4bb8-bc44-ce91e39a8fce,CS,3,"['Networks', 'ML']",100
4f63f79a-a592-431b-a6e3-fc078a082f03,CE,1,"['AI', 'Networks']",57
7b7d613d-7559-431c-9602-b3ae6ea26cd9,EE,4,"['AI', 'Blockchain']",67
7f98bc54-870c-4fe9-8a8e-ec8290120109,CS,4,"['ML', 'Blockchain']",94
feebb5fd-9fa9-4f2b-8b43-470e0fc259db,EE,3,"['Networks', 'AI']",80
2727b76e-9aa9-4cc6-91e5-a8e34d0351f3,ME,2,"['Networks', 'AI']",63
99a21f9d-a227-4aaa-99e4-1461cdfcc36f,CS,3,"['AI', 'NLP']",56
c4df1f78-d367-4713-b591-473f5c7b1a69,ME,4,"['Networks', 'AI']",62
d6b2cf3c-fe13-400e-9a36-797d1bf8138d,CE,4,"['Blockchain', 'NLP']",92
06844fc1-9cf9-41fd-bd35-bddacc639e3e,CE,3,"['NLP', 'AI']",63
141470ad-7a93-42be-9ed3-e85649364e76,EE,3,"['Networks', 'ML']",54
625a953b-ae15-4f52-ae02-c67c122f985c,CE,3,"['AI', 'Blockchain']",93
727dac2a-8fd0-4ed8-ac3d-ae8a7951fe7e,CS,1,"['Blockchain', 'ML']",75
abecfe5a-04cb-482b-ac4c-4b84c04ef533,EE,3,"['AI', 'NLP']",52
f0b0bbe1-aedb-4401-86ce-8dd8eda5d0f2,ME,2,"['AI', 'NLP']",62
aa727848-acfa-4d2f-b8ab-4b11469dcaf3,CE,3,"['AI', 'Blockchain']",89
9254fb25-9998-4545-b174-96af7b693748,ME,2,"['NLP', 'Blockchain']",84
130c862a-d58e-403d-b367-b663ad5b8778,ME,3,"['NLP', 'Networks']",60
2b84d5cf-5139-408e-bd7d-142193995b2a,ME,1,"['Networks', 'ML']",79
0f8fbcd9-0655-4d1d-9cbe-ab654e66f307,ME,2,"['NLP', 'Blockchain']",84
57272efc-df78-49d4-a79f-ffbaa4277286,CS,4,"['Blockchain', 'Networks']",52
d5913aae-e7ae-45ae-a4e9-0a5259dda4da,CE,4,"['NLP', 'Networks']",89
0b2cfff0-49ac-45d2-a454-bd67d81c2c21,ME,1,"['AI', 'ML']",52
bed223f3-20e0-4e4a-9ee4-aa07e792fed8,CE,3,"['NLP', 'AI']",91
4054f399-59ca-495b-945a-0238e978010e,ME,2,"['Networks', 'Blockchain']",59
c74850fd-f0cc-4832-aed0-3190538c896b,ME,4,"['ML', 'NLP']",71
59372071-30fb-4fd8-b7aa-17e001824513,CS,4,"['Blockchain', 'AI']",96
0060ecad-c890-4035-b628-c818b32d0a15,ME,2,"['NLP', 'Blockchain']",81
87b4760e-c3aa-4b21-8b51-5d630d7cd5e7,EE,4,"['ML', 'NLP']",58
e86bce47-6220-4af9-b889-68dfb9835932,CS,2,"['NLP', 'AI']",80
98428b32-82d6-44bd-b6b9-22976c820c50,CE,2,"['AI', 'Blockchain']",97
8695fea3-f7cd-43b5-9eec-42b82d26b217,ME,3,"['Blockchain', 'ML']",94
d35d0ba7-efe7-45d6-94c1-ca3abf2a058c,CS,4,"['NLP', 'Networks']",56
4188c7f4-6843-4e86-a195-6f30a021a7e2,CE,2,"['Networks', 'AI']",50
08939b5d-992d-4795-8844-85781e8f1e78,CE,3,"['Networks', 'NLP']",74
0d33feb1-c787-4130-b6c2-2ee1d5cf38b0,CE,1,"['AI', 'ML']",54
0c703d9e-43b9-4c39-b670-864bbb255e5a,EE,3,"['NLP', 'ML']",55
a72a8fea-abf4-479f-b5ea-5ffcdb8bcd72,CS,4,"['Blockchain', 'NLP']",98
f40f8994-99e6-42ed-8155-36d98adcd796,CE,1,"['NLP', 'AI']",68
16cb070d-ac3c-4cc5-87c4-00e4f652b170,EE,4,"['AI', 'Networks']",69
a4026d95-b4c0-49ee-aa9b-32a2434dce1e,ME,2,"['ML', 'NLP']",68
f557c3dd-d17e-4be5-a630-8a9a986393a3,ME,1,"['Blockchain', 'ML']",88
1ea39e79-f29b-49e7-aec1-28bcbf626241,ME,3,"['Blockchain', 'AI']",63
52033f4d-419d-4c00-b53f-af5fab0c6511,ME,2,"['Networks', 'Blockchain']",79
aba57489-306c-4019-b0c4-943b5c8c80eb,EE,4,"['AI', 'NLP']",50
e8d5004c-c04b-408b-9306-02b64d851a55,EE,2,"['NLP', 'Networks']",74
bbb03607-6779-40b1-9e04-c4b114120d9a,ME,2,"['ML', 'AI']",78
8267183f-f9fd-4a06-adc6-17328f2aa60e,CE,4,"['Networks', 'NLP']",56
00afb7c7-9359-44b9-8d8b-8d8fe99b5b09,ME,4,"['Blockchain', 'ML']",50
6e9f10ce-eb8a-4863-8736-b5e0ebd9734c,CS,1,"['NLP', 'Blockchain']",69
b7b038ce-5133-4f83-86b5-184a90caaf50,CE,3,"['Networks', 'AI']",82
c0d17412-adc2-4195-8759-0abac69810dd,CE,3,"['ML', 'Networks']",59
fda5ea53-a432-484a-bc02-5dc0629cca99,ME,4,"['Networks', 'ML']",71
9a160b10-e464-4aea-ba8c-d09721a93ff1,CS,1,"['ML', 'Networks']",94
9049030e-6f12-4d19-bb94-5c7de453de13,CE,2,"['Networks', 'Blockchain']",82
dd40c896-05d4-400e-935a-6d583912ae39,CS,3,"['ML', 'Networks']",54
f2811dd8-60d4-412c-9dd4-dda1f8d4f32c,CE,4,"['AI', 'NLP']",79
5bba7094-9393-4eae-bbd0-1b3830c8ee89,ME,4,"['Blockchain', 'NLP']",83
b7aeadeb-ecc5-42d9-ab4f-ee631fcc952c,CS,1,"['ML', 'AI']",99
b6d07e00-c502-498b-9c9c-f308ee1d6c38,ME,2,"['AI', 'NLP']",53
03227ab9-defb-41d9-add6-ff4a4fa08856,CS,1,"['NLP', 'ML']",86
49ccd6af-7fb7-4345-96fd-ffe53f36db49,EE,4,"['Networks', 'AI']",87
c6d52015-f45b-46e8-844c-d4cd5525d9bc,CE,4,"['ML', 'Networks']",66
922e27ca-6a70-44aa-bcfe-37b8d9d0fabd,ME,3,"['Networks', 'Blockchain']",88
0a6300fb-baae-457f-8051-ed0c489078e5,CS,2,"['ML', 'Networks']",66
d797e05c-3dad-4f4d-b365-f2e0d4d4957b,CS,2,"['ML', 'Networks']",82
acfc39e5-12a1-4799-9d1c-1f0d6b32f7d0,CS,4,"['NLP', 'AI']",78
904ef970-dfaf-4b29-b46a-ef028cc55930,CS,3,"['Networks', 'ML']",94
7a400fa0-2f6b-4157-bd46-db06e478c4b4,ME,4,"['AI', 'Networks']",100
28150d9f-7db6-4797-96f2-3800596b5ca7,CS,2,"['NLP', 'Networks']",76
420cd8f4-8cb4-4f41-a458-78e75df4e2ac,CS,4,"['NLP', 'Blockchain']",75
73a77530-c8c6-41cc-8fb3-823638a9500f,EE,4,"['Blockchain', 'ML']",81
f7e0f57c-0c13-4b5c-8cce-449a0404782f,CS,3,"['Networks', 'AI']",68
15e13fa0-35e4-419f-a6dd-1fd040e6407e,CS,1,"['AI', 'Networks']",92
950d76dd-4fa9-415c-a162-2f2ad8927aa9,EE,1,"['NLP', 'AI']",68
9c5e7bd3-b936-47c8-95e8-1a6bf67a6f50,CE,1,"['Blockchain', 'AI']",72
e32cb9ea-8c54-44c3-b630-05e43a5419a1,CS,3,"['AI', 'Networks']",52
b5c2b115-38c3-4faf-bc27-3b6cfd5520d6,EE,4,"['Networks', 'ML']",99
38c18e3a-177a-4168-8381-6a1011f8617e,CS,2,"['Networks', 'Blockchain']",74
a55d5699-3c43-494c-ae78-bdfa5b53be77,CS,4,"['ML', 'NLP']",85
9fc8bcf4-3d79-4acd-b1c0-0d48e54538ca,ME,2,"['Networks', 'ML']",90
609d8179-1836-4e22-805a-729c8009aa6e,EE,1,"['ML', 'AI']",52
3591babb-708a-4957-b533-f4306735aea4,CS,2,"['Networks', 'NLP']",62
f10f8c6f-7326-4fca-b1b8-bd88e6137505,ME,1,"['ML', 'NLP']",58
581f5578-32c1-4f3b-a65f-4282b807a6e1,CS,4,"['Networks', 'NLP']",84
5920a9d5-af5c-4639-8c14-a585413010fc,ME,1,"['Networks', 'AI']",58
5458ec48-c8f6-44af-9d04-6ae8d200aaa8,EE,3,"['ML', 'AI']",60
e8130ba6-7ee1-4f35-911e-6125dad5d075,CE,3,"['NLP', 'ML']",80
0e08954c-ab74-4916-b05d-eac84b95affa,EE,4,"['Networks', 'Blockchain']",54
c96c630f-6162-482b-8c0f-35fb26737fcf,ME,2,"['NLP', 'Networks']",81
ee8a03b1-c4ca-4ca0-a943-a6c3a9c72caa,CE,2,"['ML', 'NLP']",50
2684670e-a601-4fce-b73c-45dbc08a7624,EE,2,"['NLP', 'ML']",83
e9827af7-bfae-4d7e-8299-8a61de25fef8,CE,2,"['ML', 'NLP']",59
0ba36978-f309-4586-8975-9ece0fe267dc,CS,4,"['NLP', 'Networks']",91
df61640c-e6b2-4b07-b607-dd2dc9425a4d,CS,4,"['AI', 'NLP']",52
00bb38a6-2c72-49a3-8921-6c83cdb48915,CS,3,"['AI', 'Blockchain']",54
c03796ba-9f4d-4c1f-98ca-39d614b4b421,ME,3,"['AI', 'Blockchain']",77
6769a71e-ff05-4679-b968-98392b213a57,CE,3,"['AI', 'NLP']",87
e1fc25d0-8be5-420c-a5a9-694e4d4b8009,CE,2,"['ML', 'Networks']",88
47baa7ff-55e9-45d0-950b-bd834abf226a,CE,2,"['ML', 'Networks']",86
f32cb411-0122-4925-a25f-998cc2108687,CS,3,"['Blockchain', 'Networks']",87
2d128701-81f1-4f61-91fd-24247b34c3d7,CS,2,"['ML', 'AI']",81
457a9f52-8fc9-4917-86bc-249d787e81ad,CS,3,"['Blockchain', 'Networks']",97
844a7379-ab53-4046-848c-f49459da47fb,ME,2,"['ML', 'Blockchain']",70
4256b334-24af-4715-8f85-67f34b8f7fc8,CE,2,"['Networks', 'ML']",70
8bc73b48-4829-4074-9878-05a08f928f42,CS,1,"['ML', 'Blockchain']",81
6b8036e0-b3eb-4aa3-a2a1-f5e0272ef316,ME,1,"['NLP', 'AI']",75
8bd04ff9-3ec6-4e4b-8e2b-290c1b1fbedc,CS,3,"['AI', 'ML']",91
14441bcb-d443-46c6-a060-201860b70c02,CE,1,"['ML', 'NLP']",73
b8e82eb7-f8de-47c7-ab1b-e676b931e530,CS,3,"['NLP', 'Blockchain']",55
8a2e6c31-8d78-4e0f-ad91-b683a7e2e4b6,EE,3,"['NLP', 'Networks']",66
e81abbf4-6be2-44f8-ae7e-0f772163ce1b,ME,1,"['ML', 'NLP']",90
d9e1d811-4ed1-47c5-acd8-dc36a9cbda43,ME,2,"['Networks', 'ML']",95
9e394559-f8fc-4029-810e-d3f0a2c1bdde,CS,3,"['ML', 'Blockchain']",69
f40548b2-461b-456b-a131-25174fd1ec20,EE,4,"['Blockchain', 'Networks']",82
6ad91304-af7b-453e-bb54-6fd6e6d37618,CE,2,"['AI', 'NLP']",79
fe16ec86-597f-4fa6-9808-7cedf316bb33,CS,3,"['Networks', 'Blockchain']",81
88d897a2-3124-4eed-9eef-50c6f14eb49c,ME,4,"['Blockchain', 'NLP']",86
657a2664-ffdf-4fbb-a77a-57b13d7c38b0,ME,2,"['Blockchain', 'NLP']",67
37f6f8d1-e96f-4f24-a753-0f9df7a5b50e,CE,2,"['ML', 'Blockchain']",74
4ccf7ae7-8fae-410e-9dd9-3e9234f5f9fc,CS,1,"['Blockchain', 'ML']",88
4bf1ca65-4018-46c7-a5c5-e28a95b9a18f,ME,4,"['ML', 'AI']",92
78340080-c034-4dab-8ffc-0e9b0551f054,CE,1,"['NLP', 'Blockchain']",86
72dce771-45ad-4972-a28f-ea26fbfe8b12,EE,4,"['NLP', 'AI']",53
fdbc92e8-605e-4b5f-9ca1-3f8cfbf1e79d,CS,2,"['Blockchain', 'AI']",86
4963d45a-a4bd-453d-b7d6-575f636d27e2,ME,2,"['Blockchain', 'AI']",71
62e8f267-f04f-4cc3-a9c1-ab1d5f0ecfa2,EE,1,"['AI', 'Blockchain']",94
a0eaf163-13f2-4998-b2b0-93ea7c29d1eb,CE,1,"['Blockchain', 'ML']",85
6e81a955-5e21-43aa-b779-c616be0c566d,EE,2,"['Blockchain', 'AI']",70
4878e1a2-76e9-4a86-aa54-9ef06dcb9395,ME,4,"['AI', 'NLP']",74
6ec8bd6f-0a3f-41c6-a71a-a7741cd19254,EE,4,"['Blockchain', 'ML']",55
3855d7d3-48a2-4859-b533-f0e334206b85,CS,1,"['NLP', 'ML']",70
ffa30bd2-83ed-48a4-ac83-3c5f0d3d1634,CS,1,"['AI', 'NLP']",68
722a628f-e822-42ca-ae8e-4bda00fe9549,CS,2,"['NLP', 'ML']",87
9a433895-61af-46fc-a103-765a22fe9b80,ME,3,"['AI', 'NLP']",91
edb12ee0-9226-47dc-b4bd-a7c7ad20a588,CS,2,"['Networks', 'ML']",58
46c6897d-333a-42ad-a255-e52f653712c3,CS,4,"['Networks', 'AI']",73
91815622-83b0-4e63-96a2-218d9587ceab,EE,3,"['Networks', 'AI']",71
8b50f678-af4b-4d22-85a0-20c566e8aad3,CE,4,"['NLP', 'Networks']",88
409bf957-83c9-4cc9-b14b-02dfb704ebbb,CS,4,"['NLP', 'ML']",67
162f5026-d561-415c-8816-fd3a82a7578c,CE,1,"['Blockchain', 'Networks']",86
d6c97695-520f-4f5a-a859-2cdc09104f08,EE,3,"['AI', 'ML']",73
c5644c4a-f7da-40a9-a332-a905a5fb02a7,CE,2,"['ML', 'NLP']",100
ae0ec324-8ae6-4548-b785-bfb3e8c39bb8,EE,2,"['Networks', 'Blockchain']",87
058e094a-cdb6-4c09-8784-995692633fa3,ME,3,"['ML', 'AI']",58
37e08702-be08-4ade-a314-76a5a963e49c,CS,4,"['Blockchain', 'NLP']",54
b866e34c-1548-4c48-a12b-4ac9cdc21058,CE,3,"['Networks', 'NLP']",75
1754cb69-26f9-4af4-ad35-b1de3b732e47,CS,2,"['AI', 'Blockchain']",67
b358f7e8-581c-4f63-963c-87444c5be4d3,EE,4,"['NLP', 'Blockchain']",88
15f8ce2d-40b8-4a36-b91f-7a85a621f53e,CS,4,"['Blockchain', 'ML']",57
06cbd840-b78a-4007-8aef-4f62eb3c2d66,CE,4,"['AI', 'Networks']",89
1f7979f5-810d-4ce5-974c-766ded97016f,CS,4,"['Blockchain', 'ML']",51
352d4243-1836-4c33-b4ce-b52dc3935e5a,CE,1,"['ML', 'NLP']",88
3f084ccc-be10-4e20-a81a-79aaa36f5f8b,ME,4,"['ML', 'AI']",94
04c7abfa-2207-45cb-8844-a53f29730166,ME,2,"['AI', 'NLP']",72
fc9a174e-d574-4ef7-9e17-eeaa192cb61e,ME,4,"['ML', 'Networks']",87
61c5bc9c-93a8-4b55-90ea-cd191d5d08ee,EE,3,"['AI', 'NLP']",80
20d928b4-f058-47d7-9e6c-0ede962a6882,EE,1,"['Networks', 'NLP']",65
ec25c8d3-6bfa-40c9-83dc-3278f9f48ad8,ME,2,"['NLP', 'Blockchain']",69
25aa0d96-82b4-4917-87af-0fc388dc60cf,CE,3,"['NLP', 'Networks']",63
b73167a0-9c7b-4fbc-be2b-9154eed4b870,EE,2,"['AI', 'NLP']",87
30ae849f-e502-4944-89ac-c337501e2397,ME,2,"['ML', 'Blockchain']",75
3383191f-7375-4c68-8eb7-d35aee34d211,CE,3,"['AI', 'NLP']",63
98020b4b-e1db-405d-a183-f6094781bc79,EE,3,"['ML', 'AI']",86
f9be8d6d-e81a-473f-ae3d-4d38b41160b5,CE,3,"['ML', 'Blockchain']",88
e481871a-7181-464a-b523-9a8607f32f05,EE,3,"['AI', 'Networks']",64
ecd80014-826d-4df1-83ef-ab15c0633f7c,CE,1,"['ML', 'Blockchain']",57
b21e9f0f-c5e1-4ef7-b6c2-1f67b2969110,CE,3,"['AI', 'Blockchain']",95
b9be3df2-c4f5-4fa1-ab54-c0040c0bd267,CS,2,"['AI', 'ML']",65
f0f8c525-e484-4508-91da-16454a74a64b,CE,2,"['Networks', 'AI']",80
4502657a-2c18-4723-95ac-ca6b429384fa,CS,2,"['NLP', 'ML']",68
205efec2-2c81-4ef4-b0d3-5d50271c20b2,CE,1,"['Blockchain', 'ML']",99
7ac64009-74cc-4625-9343-2809520724b0,CE,3,"['Blockchain', 'NLP']",79
2a6bfcd7-89a6-42a2-83a8-9de2de77b540,EE,2,"['ML', 'Blockchain']",81
f2e651b9-9661-4cd2-b98c-e4b3ac58e3d5,CS,3,"['Networks', 'ML']",50
fba696d6-0eee-4620-938f-b40104ab5e3d,CS,2,"['ML', 'Blockchain']",65
04284985-3134-4bb6-b82c-ff845e30851f,ME,3,"['NLP', 'AI']",79
6216cc00-ce99-4449-a081-821c04cd45fa,CS,1,"['ML', 'Blockchain']",64
acbab6f2-8cac-413d-bcc5-d78f5c966e0f,CS,4,"['Blockchain', 'AI']",60
ec0faead-24d3-4504-ac7d-f4864f950908,CE,1,"['ML', 'AI']",85
8496a0d1-8536-488c-8c84-4ee7208b4186,EE,1,"['NLP', 'ML']",90
c720df26-2005-4f14-8bbc-400510c5d8e0,EE,1,"['NLP', 'ML']",93
077796fa-bf5c-4761-af16-e721833096ec,ME,1,"['NLP', 'AI']",76
afd0e163-e0b9-44dd-943b-3de486f12915,CE,4,"['NLP', 'ML']",88
d03eacd0-e4f4-4d50-8551-f17587752289,EE,4,"['NLP', 'ML']",74
c9e4e42e-30c5-446f-ba67-06c3f35e5fd7,EE,4,"['ML', 'Networks']",52
e619327d-a047-4290-aa65-98e68c756ebc,EE,1,"['Networks', 'Blockchain']",58
bef9222f-dce5-464b-8e58-61c62e2352b2,ME,4,"['Blockchain', 'Networks']",69
5c4e4e01-075b-47ac-a27f-8fb76aa7c0c3,ME,2,"['NLP', 'Blockchain']",86
19fb6037-26d7-42cf-881b-019327451705,CE,1,"['ML', 'AI']",51
11289d8e-5a99-4579-9d59-902df8e6308a,ME,1,"['NLP', 'ML']",85
74642e51-c548-4f19-baa3-de692095d081,ME,1,"['AI', 'Networks']",85
d5bed21f-5396-4f2b-8519-9a2ec48f71c1,EE,2,"['ML', 'AI']",89
72be61cf-5967-41ea-882d-6d90f1aa1a22,CS,1,"['NLP', 'AI']",74
e09ecefd-a340-407f-894f-65214d2b72dc,ME,2,"['NLP', 'ML']",100
50c3b196-9224-42fa-a7a1-85a6c06522e6,CE,2,"['Networks', 'NLP']",62
5559884f-fb8a-4084-94c1-c069aff741d8,CE,1,"['NLP', 'Blockchain']",60
a7ff6399-4202-4041-b150-6bff6d29f6c8,EE,4,"['Networks', 'AI']",52
c1be2cee-1bcb-438e-bea5-2ab39d231b2d,CS,4,"['ML', 'Networks']",99
20f56e61-ad6e-4137-9bde-e967fefad012,EE,1,"['ML', 'AI']",58
6172b392-47cc-475b-92b9-65814e647dfd,CS,2,"['ML', 'NLP']",58
054662bd-59bf-4bcd-977a-c95dfef3bcba,CE,3,"['AI', 'Blockchain']",80
841479d7-1815-4eb1-a380-3d47a92bae84,CS,1,"['Blockchain', 'AI']",87
e99c9982-465c-403a-a001-c21d861ecd76,CS,3,"['AI', 'Networks']",67
c514fe99-5f1b-4a39-841d-fa0b327deefd,CE,1,"['ML', 'Blockchain']",61
36bc59b0-ec0a-4b6a-b366-61206d0ce616,ME,4,"['ML', 'Networks']",100
de0e1fd6-f202-468f-b3d3-8f29cf8aff23,ME,1,"['AI', 'ML']",93
7c03a77e-6163-4d8b-9cd1-b84ce449fff3,ME,1,"['Networks', 'NLP']",83
bb9a44ac-c66e-4385-90db-3aee08386021,CS,4,"['Networks', 'NLP']",80
e20f8acb-3391-4c41-bd2a-3642802c9a4e,CS,1,"['AI', 'NLP']",86
d9511975-93a5-4b9b-8c58-e8117f962cdf,ME,1,"['AI', 'ML']",90
2733246c-d38a-4832-b383-8a1d9e03f237,EE,2,"['ML', 'AI']",84
e7267e41-8eec-463d-b4e8-a24a5ed85cb4,CS,2,"['Blockchain', 'AI']",56
b96b853a-e836-497d-b3f8-ecf7ed55d0fd,CS,4,"['Networks', 'ML']",86
99da7c5b-d51f-4110-b95e-146f0f7da0f7,CE,2,"['NLP', 'Networks']",85
1209ed97-0422-453a-b238-88aa65ba74b1,ME,3,"['ML', 'NLP']",80
4631a238-c601-4a2f-8777-420d436294f2,CE,2,"['Networks', 'NLP']",53
808bb305-3844-4228-a0dc-0c784370e002,ME,3,"['Blockchain', 'AI']",100
ffda9e71-06fa-4d0a-b024-525d9496fac9,CE,1,"['Blockchain', 'Networks']",89
3ae03b71-2006-4fc4-9731-e44b5cdea9bb,CS,1,"['Blockchain', 'AI']",85
e56b847b-15d6-4276-ac4a-d75aae7a88b1,CE,4,"['NLP', 'AI']",66
9688d510-2fe4-45c8-b6e1-84fcb797bc5e,ME,3,"['Blockchain', 'AI']",50
85a3040c-3726-490e-a9f5-08a1cb5d3379,EE,1,"['Networks', 'NLP']",98
a41421f1-946a-4975-93b9-b308a8e2d11c,EE,2,"['NLP', 'AI']",66
7a62a4c2-81e3-4fbc-9bff-d92133f5b3b9,EE,2,"['Blockchain', 'ML']",92
932982d3-0261-49f8-8a4b-f4c009666e1b,EE,4,"['Blockchain', 'Networks']",73
d51a533c-082f-4054-a8c3-618c0ace78a9,CS,3,"['NLP', 'Networks']",78
bedc991b-8ee7-49e0-a04a-c7ab0845974b,EE,4,"['Networks', 'Blockchain']",76
4bf26907-b9ea-4c03-a7e2-b7f5160f8c75,EE,4,"['Networks', 'NLP']",65
841fc56b-0b0a-4539-af4b-5ff2b359b28d,EE,3,"['NLP', 'Networks']",58
cba61dca-c717-490c-902e-793b6be39976,CS,2,"['NLP', 'Blockchain']",69
7a46b4ae-4db8-40d8-8e71-d5788222291d,CE,1,"['Blockchain', 'Networks']",57
a165c717-ab45-46d2-9055-99279df6c9f0,ME,4,"['Blockchain', 'Networks']",70
0e3a531c-b12e-49fd-bb26-aecf16f431b0,ME,2,"['Networks', 'ML']",54
f3124958-2bec-45be-b92f-336520a6a935,EE,1,"['Blockchain', 'AI']",54
4e0e93f6-4cf6-4fa0-b9de-55fcc638c434,CS,4,"['Blockchain', 'Networks']",70
7cd5e76a-108f-44b8-a842-47e87b93e753,EE,4,"['NLP', 'ML']",83
5b8d032e-a146-48b1-917f-c5077f56d4fb,EE,2,"['ML', 'Blockchain']",95
ebd52028-87fc-466f-9621-1de4ac4af9d8,ME,2,"['NLP', 'Networks']",81
dc46b774-99fa-40fa-8a9b-ea8ff7d3b060,EE,3,"['NLP', 'Blockchain']",82
db5decce-5341-4cb2-9253-a92e877e7a04,ME,4,"['Blockchain', 'Networks']",71
9aeaec94-882b-42dc-a090-29ba21519265,ME,1,"['NLP', 'Networks']",90
fd5a35a3-84fb-4f70-a74a-1ceaba05d757,EE,1,"['NLP', 'Networks']",52
494b6429-b7f4-41f2-82a9-bc78a05e45d9,CE,1,"['AI', 'ML']",97
87bbfc1e-6241-4bae-857c-94a44508d5ea,EE,2,"['ML', 'AI']",61
ddf0c3fe-9617-4226-8803-367ee796ac4b,ME,1,"['Networks', 'AI']",83
8f614ab4-3ee5-4290-baec-17de20d76b29,CS,3,"['Blockchain', 'AI']",82
7db4c4d9-96a3-4892-9c31-10e82994ac89,CE,2,"['ML', 'AI']",60
45496765-5dd4-4f52-b100-306209d14d61,CS,2,"['ML', 'AI']",53
4438be24-4892-4a12-8638-55f7c81c453d,ME,1,"['ML', 'AI']",71
1c928a18-df7e-4479-9094-b710e878ac22,ME,1,"['ML', 'Blockchain']",72
abbdc883-db98-4789-be65-ff95dd9d9849,CE,1,"['AI', 'Networks']",73
904a3ca6-87d2-4383-ba63-f8bf8572fcf5,CE,3,"['NLP', 'Networks']",97
db6b2e73-652c-438d-947a-0a023ba93e67,ME,1,"['AI', 'ML']",97
3b2d0cfe-b377-492a-bcbe-51ff6c63f576,EE,2,"['NLP', 'Networks']",68
bd7972ba-a637-4dbd-acda-89ed16f938b0,CS,1,"['ML', 'Networks']",56
01b32862-8ad1-4713-ac70-a1df71f2c2fc,EE,2,"['NLP', 'ML']",98
b76ce458-aad2-45f8-987c-6d9142afc6e4,CE,2,"['Networks', 'ML']",86
0eae942f-f733-43e3-bde9-30b604b8d77f,CS,2,"['NLP', 'Networks']",85
b06fef2d-2ce5-4544-bdff-746216506b5b,CE,1,"['AI', 'NLP']",81
66f16f7c-e807-4f04-a088-b7dc63e84a52,ME,2,"['NLP', 'AI']",50
4b814578-4788-4a99-8203-3a1bddc9c225,EE,2,"['Networks', 'ML']",63
e414f9e3-2d52-4110-8094-84eae2bac9f0,CE,4,"['ML', 'AI']",51
270b950d-1484-4874-8d34-9320a6d07cca,EE,1,"['AI', 'Blockchain']",95
77f5ee9e-4422-4ace-a89e-8d8b25723f32,ME,1,"['AI', 'ML']",65
d5ec90c3-0977-4354-a2ef-1340d9228e12,CE,4,"['AI', 'NLP']",98
17267005-2e3a-4e55-9be7-07e8ebb37b94,CS,4,"['Networks', 'ML']",74
14e3feff-dcf2-4f2a-96ec-d96e5362a387,CS,4,"['Networks', 'AI']",99
b0c8bfa2-d2b8-455f-89fa-a4ae533d050d,CE,2,"['Networks', 'NLP']",68
c05c1b8e-0667-4d0e-af9b-5712c7252b88,ME,4,"['NLP', 'Networks']",66
ce585770-9f09-48eb-b8cf-3f23f0acc5b4,EE,1,"['Blockchain', 'NLP']",58
1cb641aa-dd35-4861-afb5-d68fdc31d1d4,CE,3,"['ML', 'Networks']",75
fb8ab666-ab3a-4cd3-bebb-255e1d2fbe8b,CS,4,"['AI', 'ML']",87
887a1f79-149b-4475-b141-fa9c060b2820,CE,1,"['ML', 'Blockchain']",81
8f6df75c-7743-4e66-964e-2ce074c91392,EE,1,"['Blockchain', 'NLP']",90
6ec76f8f-ff4b-48c4-ac1d-54c55aabe204,EE,1,"['NLP', 'Blockchain']",84
fe1a4162-502c-4f86-b6dd-324c00e40314,CE,1,"['NLP', 'Blockchain']",99
acfcbd8c-c166-4b50-92e7-737598af69ea,CS,2,"['Networks', 'AI']",80
1f54ecf2-8ecd-470b-ac2f-3b5b911df14c,ME,4,"['Networks', 'Blockchain']",73
6f80aa83-dac7-4ebe-b4eb-20fc75673ec0,CS,3,"['Networks', 'Blockchain']",70
17c95497-2942-4ef8-b15c-33cf873f1446,CS,4,"['ML', 'AI']",69
e53d68f1-b155-4f9b-b531-126193703711,ME,1,"['Blockchain', 'Networks']",69
551bdff0-bc87-41b0-9e9c-47c2d94be1f7,CE,2,"['NLP', 'AI']",74
f4bff80b-7641-4f7f-83af-0290234ad89b,EE,4,"['Networks', 'ML']",63
37610a25-4fa4-4bd3-9656-0809439f59f3,CS,3,"['AI', 'NLP']",55
f92c757f-eb5e-49d7-98ab-b09b4e3f7486,EE,4,"['Blockchain', 'NLP']",78
8cdc7579-98ff-45f2-83be-e863b41d94d5,ME,4,"['Blockchain', 'NLP']",75
e620471a-0c50-4257-b814-01675397412f,EE,4,"['Blockchain', 'NLP']",50
f5ec44ea-efb6-49dd-aa87-7dadff834abd,CS,4,"['ML', 'AI']",61
d8af63cf-4b34-4296-b611-6fdb3028df61,ME,4,"['AI', 'Networks']",53
7ac24de7-48c6-4eee-867c-a81e795f8925,CE,2,"['ML', 'NLP']",76
127fd75a-d603-4232-a680-b02c5aa0fbeb,CS,4,"['NLP', 'ML']",86
88e3a054-5b98-4fb8-afc5-e3acbe067c20,ME,4,"['ML', 'AI']",97
46bd743b-192f-4ae7-b175-403ac7610f5e,EE,1,"['Networks', 'AI']",99
38870a65-6d49-4d97-8906-5e7f424f0ad0,ME,2,"['NLP', 'Networks']",67
2f438c26-d957-438e-8c58-4143a91ab859,EE,2,"['Networks', 'NLP']",82
2b73a3ef-fcef-4023-a908-ad843599ae4a,EE,4,"['AI', 'Networks']",69
890f3bc4-570a-4eb4-8735-72f6f613474b,EE,2,"['ML', 'Blockchain']",78
746fad1c-ac7f-4662-be08-cf1a072a7baf,ME,3,"['AI', 'Blockchain']",54
830b8b9f-7dbd-4f52-8051-3d4652068dc3,EE,4,"['Blockchain', 'NLP']",97
f8569338-0497-4a1c-9f61-572702907ba6,EE,3,"['NLP', 'ML']",61
c82b387f-5bca-45c7-9bc1-42ddffeb1cc2,CE,4,"['AI', 'Networks']",61
ee9bf93f-5d05-4da3-94b8-fd664700dc7d,CE,4,"['NLP', 'Networks']",53
e91377aa-2adf-450d-9c62-5e8c1ab1a61b,CS,1,"['Networks', 'ML']",94
abc8548f-1f67-4e47-97f2-09c0c65ff5de,CS,3,"['AI', 'Networks']",99
175e26ea-8d98-4886-81e3-509d6efc480d,EE,3,"['ML', 'NLP']",97
e393740e-1c6b-4d76-8967-a2ad8f68591f,ME,2,"['NLP', 'Blockchain']",60
72b7f292-b8d4-4eb0-8cf6-8f349fad8ace,ME,4,"['AI', 'Blockchain']",53
c124d295-cfaa-4142-b4f2-7d8c6d94fc3e,CS,1,"['NLP', 'AI']",52
ff78336b-ae36-470a-8612-23dad354c728,CS,2,"['ML', 'AI']",65
8cda0637-1ff0-4dec-98c6-b1e3db29f6b0,CE,2,"['Blockchain', 'AI']",93
a9ed500f-5cdf-4fb3-827b-521c6b437715,CS,4,"['ML', 'Networks']",77
b8e065ba-9aef-4ac8-9453-f7619ed5d0c6,EE,1,"['ML', 'Networks']",92
cbd18410-6f3b-49c2-984c-ac982ee67d72,CS,3,"['NLP', 'Blockchain']",68
4a6e515e-486c-4551-bc58-254a9e42cec3,CE,4,"['ML', 'NLP']",95
059f3ba7-a7b2-4d38-9317-b044314cb5d7,ME,1,"['NLP', 'AI']",53
da543c92-8ea6-4946-be37-01aa21386d59,CS,3,"['NLP', 'Networks']",52
52e79f87-7844-4660-ba48-8d29fa743379,EE,1,"['AI', 'ML']",82
e905b2d3-dee1-4790-be5b-6a4edb890b02,EE,2,"['NLP', 'ML']",78
e7bb0151-7499-4930-bf2d-65615708ff27,CE,3,"['ML', 'Networks']",88
c7f6ca41-65a2-46db-9c99-c682d9f9e306,CE,2,"['Blockchain', 'NLP']",68
d4d44040-e02d-49ba-b868-266c8790e096,ME,4,"['ML', 'Blockchain']",88
cc1a583f-e431-406f-a43d-2d7ede8c8291,ME,2,"['ML', 'Blockchain']",64
305df75f-e475-459c-b1b3-42fe6eae734d,EE,4,"['Blockchain', 'AI']",78
918c453f-6383-4359-95df-f2c022a750d7,CS,3,"['Blockchain', 'AI']",66
f31176ea-c117-4524-b7a1-4838f0d0ae69,CS,2,"['AI', 'NLP']",96
ac350ede-5da1-46b6-b3b2-d05f1c0367a7,CE,1,"['Networks', 'Blockchain']",62
c0641cb8-300d-4ac4-8346-2475770dfe9a,ME,3,"['AI', 'Networks']",85
f50ff197-c671-4953-8095-4aa98118b222,ME,4,"['NLP', 'AI']",76
849cc7ad-19e1-414e-b434-890fc030aaa4,CE,1,"['Networks', 'ML']",90
bf53cf2e-f3c3-412a-9dc7-03c063d38f74,ME,2,"['Blockchain', 'NLP']",82
21137093-dba4-4136-8741-f3436775576b,CS,1,"['Networks', 'AI']",61
d929a310-c59a-407e-8b61-4e42c5b3905f,CS,3,"['AI', 'Blockchain']",94
226147d4-7bb0-4c2e-bf55-713951688844,EE,2,"['Blockchain', 'NLP']",59
7bd336af-54b2-4d4a-abc9-b5c8febd923c,EE,1,"['NLP', 'Blockchain']",95
c1affc93-876d-4fce-a189-78b45260cc5f,ME,2,"['ML', 'NLP']",94
601235ee-453a-41a3-b23f-fe4d9fb9f8ab,CE,1,"['AI', 'Networks']",74
d7e79806-d987-479f-84bf-55268780e0a8,EE,3,"['AI', 'ML']",50
9e0e6fa4-1e95-4b69-b894-a33206adf473,EE,2,"['AI', 'Networks']",52
0c441154-35db-4e00-9b37-a006c2859830,CS,4,"['Networks', 'ML']",54
e8209f7e-2006-47c7-8478-ed99f09eeccb,ME,1,"['NLP', 'Networks']",63
d050b387-b30d-431d-965e-3c0329826b03,CS,2,"['NLP', 'Blockchain']",84
07823a9e-5ea1-4a8b-aadd-44d8d6cfdf27,CE,4,"['NLP', 'Networks']",58
86598984-79f3-4bd7-b61a-81e024f0b1c5,ME,3,"['Blockchain', 'AI']",66
3078314b-80e3-4375-8aa1-e38b2a7c4b01,EE,1,"['ML', 'Networks']",91
f39da3ff-b723-4744-9485-2f94e0a04183,EE,1,"['Networks', 'AI']",91
76d8d9f6-bb7a-4acd-a0ac-698a1da06efb,EE,4,"['Networks', 'Blockchain']",86
1739eb74-6d14-4e39-ab8a-17533aceb7b2,CS,1,"['AI', 'Networks']",69
9d8d978f-a8a5-4707-bdaf-76b0c9141df8,CS,3,"['ML', 'AI']",70
97f70393-bf40-4a02-b3a1-598f01ac89d1,ME,4,"['NLP', 'Blockchain']",59
4cf76b63-6171-4e19-9176-632ab41c6271,CS,1,"['Networks', 'AI']",97
921a8340-f751-42a3-857f-c5a0f243f36b,CS,2,"['Blockchain', 'Networks']",65
e268c102-73f1-48da-8544-684e94451483,EE,4,"['Networks', 'AI']",88
927f211e-d7dd-44af-939d-60dd5248d056,CS,3,"['ML', 'NLP']",60
f3f59018-f11f-4b14-bdc3-f62222e53186,ME,2,"['AI', 'Blockchain']",85
170b65db-60e7-4944-aa1f-1ab5ef6f6cbb,CE,4,"['Blockchain', 'NLP']",72
d73de9da-b0f5-49a3-ab77-6f357506c7cd,EE,3,"['Blockchain', 'NLP']",96
bfb6a67f-a298-40eb-bf7d-d6ba0b693230,EE,2,"['Networks', 'AI']",99
97cf2692-5b22-4bcd-86cd-b3b8ae70a651,CS,4,"['ML', 'AI']",83
f5334c54-548e-4c09-83a5-f1d78cc99bf1,CS,2,"['Blockchain', 'ML']",74
34ba565a-6ded-4d80-bb63-b32242e695c3,CE,3,"['AI', 'Blockchain']",64
89efe9a0-c374-43c0-b56f-da55cfeefd3f,CE,1,"['Blockchain', 'ML']",61
745ba44b-8fc8-44fd-852a-17b15b2f4d56,CE,3,"['AI', 'NLP']",84
b332499e-657b-4f58-aef4-a00b13baaa11,EE,2,"['Networks', 'ML']",95
b91994a6-a029-4679-ad26-55b26f94e3b8,CS,4,"['Blockchain', 'Networks']",73
b2db025c-2dce-4b53-8efe-cf5a80e98690,ME,1,"['ML', 'NLP']",67
0743f4f0-1063-43c5-abba-51f7c88180de,CE,2,"['AI', 'Blockchain']",50
cf7b1fa0-e4eb-474a-8adb-e4684b329165,CS,2,"['Networks', 'Blockchain']",90
5d285ba0-177c-46f3-aa34-30663e9c1c3c,CE,3,"['ML', 'AI']",92
0f9119e7-b297-4d44-9b5f-30f30773f2d8,CS,1,"['Networks', 'Blockchain']",66
5c4ef918-a32b-4dc3-b0f0-78fec8ad3bb6,ME,3,"['Networks', 'ML']",57
c58018bc-3d02-4911-a76a-1dcee908df79,EE,1,"['Networks', 'AI']",100
b6995ea7-dc81-4af2-9004-338a009824f8,EE,3,"['Networks', 'ML']",87
2eb1baf0-2b42-45e7-8fd2-b812c5677951,CS,2,"['Blockchain', 'AI']",57
776558d5-5d9d-44bf-a45f-0c1f230aa5f2,EE,3,"['Networks', 'NLP']",66
77a4b84b-41b6-4d10-91ac-1ed3c73415b2,ME,4,"['NLP', 'AI']",98
adbce348-b629-4aff-8eed-61bf53054b2f,CS,3,"['AI', 'Networks']",98
8781620c-7950-4605-a956-6f21d7f6aeaf,ME,2,"['ML', 'Blockchain']",71
caefc03d-a1f6-4ed4-ad7d-24252a4e43c9,EE,3,"['AI', 'Blockchain']",52
0bca8d43-4127-4fd6-b3e7-13c36003d4a2,CE,2,"['Networks', 'ML']",76
165fa460-9f5c-4ede-a607-200055176a22,CS,2,"['Blockchain', 'AI']",87
83710b17-eb91-41ea-8a62-71b9a76f3b31,CE,1,"['ML', 'Blockchain']",84
7d13f808-8b7f-4583-be95-56dc87b634f7,CS,4,"['Blockchain', 'AI']",53
5bd50aae-686e-4829-a179-09a99236f113,CE,4,"['ML', 'NLP']",78
7b29fff1-b382-4afc-81d6-f2151eab85fa,EE,1,"['Networks', 'NLP']",78
16af1313-f66d-4476-b653-fa76ab16ca01,ME,3,"['ML', 'Blockchain']",84
bbe67056-30bb-4d4a-a00c-1c3ae83f23b9,CS,3,"['Blockchain', 'ML']",71
cfa71905-4144-4c2e-9cef-bd9646da9ad4,CE,3,"['AI', 'Networks']",55
6c8189a7-666a-44c0-b2d9-5f35750322de,EE,4,"['AI', 'NLP']",93
172a3d15-eaf4-4b97-beb6-668ec2800ed9,ME,1,"['ML', 'Networks']",67
42054b9f-549f-40a5-a3d3-4a0454935b6a,EE,1,"['Blockchain', 'Networks']",69
b27fcb48-64c3-41fe-8a55-0b9f6d483497,CS,2,"['Networks', 'Blockchain']",79
68291eab-731d-425a-8c6f-3a1e14f4b093,EE,4,"['AI', 'Networks']",56
7e3cfc05-05ff-4735-9b6d-b8e9aa8044ff,CE,2,"['ML', 'Blockchain']",87
5b138403-3bae-4b35-9049-7d4061eed25a,EE,1,"['NLP', 'ML']",68
0ea860ac-96d2-43cc-bc9f-808644eef93a,EE,4,"['Blockchain', 'NLP']",68
8d2cbe98-6de4-46ce-99f7-361742c176e8,CS,3,"['ML', 'Networks']",66
c0054ef8-a7b0-4e85-b034-ea085ce8f51c,CS,2,"['Networks', 'NLP']",77
82c330e2-d512-44e0-9729-0e121b8c49f4,EE,4,"['Blockchain', 'AI']",97
47977b90-827e-4be3-86b0-e12b71f75cd1,CS,1,"['Blockchain', 'NLP']",54
c7e50142-a19d-4dca-ad31-df1724c259e4,CS,4,"['NLP', 'ML']",97
787626c3-b1d9-4b1f-a2e5-b88642a5d8ef,ME,1,"['AI', 'Blockchain']",78
90eeacda-5bd7-4345-90ea-06c0a1ca1078,ME,4,"['Blockchain', 'AI']",98
94c4dca1-ac2b-49e3-a242-23545fdbfefd,ME,1,"['AI', 'NLP']",60
875f81ed-4667-40f2-b8b0-0edf88449ed3,ME,1,"['Blockchain', 'NLP']",87
506d330e-154d-4ce6-9ac3-e57fa16510fc,ME,2,"['ML', 'Networks']",74
8ccd1f48-14ad-4374-b57b-8fa7cbd62563,CS,2,"['Blockchain', 'ML']",69
ec62fe91-679d-463a-a719-511641b25f08,CS,4,"['NLP', 'Blockchain']",53
4fa34f8f-526b-4330-becf-9f2f916998f1,ME,4,"['NLP', 'ML']",69
32951339-dab9-42ac-a042-d9be8002ef92,EE,2,"['ML', 'Blockchain']",58
d3d74510-7903-495e-a917-ae773c44cb78,CS,2,"['NLP', 'Blockchain']",69
94c4da90-393e-4630-aec5-67546e0050de,EE,2,"['Blockchain', 'Networks']",94
2c16bce5-54f6-4118-b822-2ae787d63e18,ME,4,"['AI', 'Blockchain']",93
9cd42872-2a1e-47be-9296-362eed9b816c,EE,2,"['NLP', 'AI']",57
1cf64a21-5316-40e2-a4fc-872f9eca91ae,CS,1,"['NLP', 'AI']",58
231fd518-d2fe-4b43-a7b0-a2779071ef6f,CS,2,"['AI', 'ML']",59
8773a06d-728f-404c-abfe-19739f664d84,CS,4,"['Blockchain', 'NLP']",76
1f1f0fd1-8a1a-41ca-8bd4-f5faf35b6c3c,ME,2,"['AI', 'ML']",52
43b76a69-b404-4ae6-98ad-bc364dbdf4a2,CE,3,"['NLP', 'Blockchain']",87
8d053a7d-f3c3-4793-ac75-f6e2210eb4ea,EE,2,"['ML', 'NLP']",62
beafb8c3-fea3-4280-a84e-74f71bab6b4e,ME,1,"['NLP', 'ML']",69
3a58ca49-663c-4dc1-b025-a95d92b804d6,ME,2,"['AI', 'Networks']",65
f481f4e7-8a5f-4dba-b801-9fb1175d7e19,ME,1,"['AI', 'ML']",78
d219bdf6-71eb-41d9-9bd6-ba22fa8531c1,ME,1,"['Blockchain', 'NLP']",92
106b8dce-9796-4f12-a396-feb0e87e9d72,ME,1,"['AI', 'Blockchain']",87
caaea6ea-d63a-4fd3-8406-cda31f0a5bf0,ME,4,"['NLP', 'Networks']",56
ee751d43-91ac-4cfe-ab51-cb45edcabb35,CE,2,"['NLP', 'Networks']",92
f05c4601-511c-4bfc-b52b-50992b22f04e,CE,2,"['ML', 'AI']",78
0fbb05d0-f3f3-4a0e-889d-125cd7e238a0,CE,4,"['ML', 'NLP']",54
116a200d-38b5-4a1e-9681-c35aba218ef0,CS,1,"['Networks', 'AI']",61
2a7d87e7-29cf-4f27-a30d-78072093799b,CE,1,"['NLP', 'Blockchain']",93
ad31f4b8-77be-4409-814a-c595404ce18b,ME,2,"['NLP', 'ML']",80
bc1136a4-9591-463b-8adb-e97bb269ea8d,CS,2,"['NLP', 'ML']",66
3a44a6df-cf3f-4014-a779-a3978d51bd0a,EE,4,"['AI', 'ML']",85
0b592f59-f062-4c87-af08-460c0e987d76,EE,1,"['ML', 'AI']",58
3de6bdd5-b34b-47af-aa1d-6eb640119396,ME,3,"['Networks', 'Blockchain']",92
858085c6-cfec-480c-a65f-3192c45b62b4,CS,3,"['Blockchain', 'AI']",53
88800ee5-8c53-4c22-8f71-37f4f87c42b9,CE,2,"['NLP', 'Networks']",80
8f4b6746-05f4-47b1-b8d5-c1374a91bb54,CS,1,"['Networks', 'NLP']",80
8904a1e9-17b2-434f-a22a-b55f4cd794bd,CS,1,"['Networks', 'AI']",66
ddf0210c-477b-4ad0-a216-49315ade5ff9,CS,2,"['Networks', 'Blockchain']",61
bf124013-7c8d-46eb-88a3-eff6ebdb85c7,CE,3,"['Blockchain', 'NLP']",93
bff26cef-d5f3-417f-b9aa-abf671608041,ME,1,"['Networks', 'NLP']",54
3dc178f2-3ed9-4cc6-afca-3da962b4461e,ME,1,"['AI', 'ML']",56
edac0812-94d2-4c31-b2ed-abfec25ed7d2,EE,1,"['AI', 'NLP']",93
cd3f61d6-b069-4df7-90d7-b514ed4edf30,CE,1,"['Networks', 'NLP']",78
a717c2bf-2376-480c-8c11-8d6a51d5d745,EE,1,"['Networks', 'ML']",62
153b6311-b22e-4995-8107-1b768c35d502,ME,2,"['Networks', 'AI']",95
8f3e5dcb-cabf-457a-b7a6-e14804048495,CS,2,"['NLP', 'Networks']",95
f9e95872-a359-4b30-b031-eaa46f2223d9,ME,4,"['Networks', 'Blockchain']",93
98e4a6dd-4947-4423-9898-8eba1aceee4e,ME,4,"['ML', 'AI']",97
b4c30f07-0b5f-4066-8d4c-0794255e95df,EE,4,"['NLP', 'ML']",93
a9e97814-dbef-4e15-9a84-a83f4b0838fd,CE,3,"['AI', 'Networks']",83
3c1bd7cc-5c30-475a-91f9-a45ade81f7cd,CS,1,"['Networks', 'AI']",66
fe73f4f3-d5f0-461e-82c8-5821dd70a16e,ME,4,"['Networks', 'ML']",67
55d84805-3395-45ce-b4b6-e2cabca24b3a,CE,4,"['NLP', 'Blockchain']",79
01d548a1-b1e9-4081-b7ae-8d4638f1c060,CS,1,"['Networks', 'NLP']",81
f960af93-1f1f-4fb5-b9eb-594185074e87,ME,4,"['Blockchain', 'AI']",89
0c489d46-6339-4c66-b8c6-bff547ebb77a,CE,4,"['Blockchain', 'AI']",93
2a8dbb92-93ad-4771-9318-1c24755b9ed8,CS,1,"['Blockchain', 'ML']",54
003d0bca-5ea6-495b-b522-fd0f8622593c,CS,2,"['Networks', 'NLP']",66
ff75f27b-a94b-4875-b2c2-ba2aeb137d5b,CS,2,"['ML', 'AI']",97
3fb7ce03-db1d-4e2f-90b4-f95d5acec573,ME,1,"['ML', 'AI']",86
a2f16c34-6dab-4377-b2f4-dd2caf490b3e,EE,3,"['NLP', 'Networks']",86
cf072223-5291-4cc9-9741-514d542541fb,CS,4,"['Networks', 'Blockchain']",93
e36b4f1e-29e8-48f0-b3d7-5c10f13e6236,CE,3,"['Blockchain', 'Networks']",63
1943fae3-568d-4782-b2ce-9eeeb96fcdc1,ME,1,"['NLP', 'AI']",71
48b2c5b2-0973-4e9a-9a1c-82cb8200c78c,EE,2,"['Networks', 'NLP']",94
def2f30e-a573-41df-8430-d24d0b1b6f13,EE,3,"['Networks', 'NLP']",56
5fb4e8fb-0996-4885-8f59-ee6950882f5e,EE,1,"['Networks', 'ML']",63
7c9c0ecc-5caa-4992-a2a1-1bea8c23bb4c,EE,1,"['ML', 'Blockchain']",71
2c025ecf-c32c-47a1-8e48-8569bbcd58f3,CE,3,"['ML', 'Networks']",97
bd9527b8-cd4c-4bcc-b39b-669943bad6f6,ME,4,"['AI', 'NLP']",67
7a4f15cf-3717-415f-8870-aec0e74a6e41,CS,1,"['Blockchain', 'Networks']",77
7ea78a86-109d-4cee-adab-2467cd4f5bb1,ME,1,"['NLP', 'AI']",79
71745c36-9e11-42b1-983c-4e0ab7fa05ff,CS,2,"['Blockchain', 'ML']",79
8db4c7f5-90af-40f2-bdde-f6f5d55cee67,ME,4,"['Networks', 'ML']",65
b9c5d452-1ae1-4218-9cdb-0f0330dea101,EE,4,"['Networks', 'Blockchain']",88
683d131b-9a7d-437c-9e14-2361ed7a824c,CS,1,"['Networks', 'AI']",65
d73c6f43-e6ad-4e56-b7ac-970aa02778a6,ME,3,"['NLP', 'Networks']",86
551f3275-4dc1-4b0f-be6d-020b00840e5c,CS,4,"['NLP', 'Networks']",70
ac68df6c-7e66-45a9-a9c8-8ee788948003,ME,3,"['AI', 'Blockchain']",52
3b1edd6b-9945-4eb8-8556-f8d6e777d33d,CE,3,"['Blockchain', 'NLP']",93
86faf21c-5f77-434f-9a71-164f7b3c3c67,ME,1,"['AI', 'NLP']",84
14cf026c-b1c9-43ff-b185-8ef40aec39ed,CS,4,"['Networks', 'NLP']",59
c342d917-f7a2-4700-9455-159f37a921f1,CS,3,"['NLP', 'Blockchain']",88
bec15410-8017-49c4-8971-4b2dbd9cc516,EE,1,"['Blockchain', 'ML']",54
1021c48a-151f-4fbd-b6e1-ab43e24b0898,ME,2,"['NLP', 'Blockchain']",54
a2e44208-620c-4b9a-8dc0-6860a0156bab,EE,4,"['Blockchain', 'Networks']",83
c1b89659-270b-4817-8544-0a4397febc6a,CE,1,"['AI', 'Networks']",72
6abfd039-171e-4b31-9680-29630a3657e7,CE,2,"['Networks', 'NLP']",89
ee7d3cb2-3a83-4fff-8194-ed42fd4c15ec,CS,1,"['NLP', 'Networks']",50
9ada9c32-3b04-4f53-ac65-8f0f190099f5,EE,3,"['Blockchain', 'AI']",75
3ac04963-6cef-4554-8484-0a5d2cf83558,ME,2,"['AI', 'NLP']",79
b39741be-a4d9-4d81-b70a-7599a95a6690,EE,1,"['Networks', 'AI']",54
b4778631-df1e-4477-b03a-3b242d15d807,CS,3,"['Networks', 'NLP']",54
36e1ddfc-6e8e-40ab-a81e-3c48989344f7,CE,3,"['ML', 'Networks']",86
b1041ab6-b02d-494d-8b7a-0de666518bd9,CS,3,"['NLP', 'ML']",74
afdbad07-566f-4b25-997a-22ed48dca7ab,EE,4,"['NLP', 'Networks']",84
71ead020-66cf-47bf-8738-c2913383133d,CE,2,"['Networks', 'AI']",80
c051deb1-4918-49a3-8e91-e14db7530d37,CE,1,"['NLP', 'Networks']",57
85cac2dc-5432-49a6-bb52-b54c00f08299,CS,1,"['Networks', 'Blockchain']",85
6e461054-589f-494d-a696-222687dcf236,ME,2,"['ML', 'AI']",100
5d8564ed-41f4-4f74-87f0-4287cacefcd2,CS,2,"['Networks', 'AI']",69
41881de1-86a6-4ca5-80a1-e207a5ebdaf1,CE,1,"['Blockchain', 'AI']",82
163188bc-06ec-4172-8e16-ad11d4e8e67a,EE,3,"['Networks', 'AI']",55
c5dfe235-9b5d-49e7-8f44-20256472ff79,ME,1,"['AI', 'Networks']",63
43632270-c2c1-4df4-b0b6-626437c8dacb,EE,1,"['Blockchain', 'Networks']",97
bdc21707-4c62-4aac-9ab7-81884588e612,ME,4,"['AI', 'Networks']",95
26f43c5e-07ea-477a-b4d4-96180ab16f37,ME,1,"['Networks', 'Blockchain']",78
bdcfdfc1-ba22-43f7-9f41-faed0fed7b9a,CE,2,"['NLP', 'Networks']",85
5e59250a-d23b-4314-a368-0b0e7cb3dec8,CE,4,"['Networks', 'Blockchain']",75
1bce08ef-9043-457a-85d2-217c27f4d241,EE,3,"['ML', 'Networks']",91
8aaa245e-21aa-4262-a43c-9ab8c5455fef,CS,2,"['Networks', 'Blockchain']",62
8de6d4b1-9d41-489d-9bb9-5ce50b2f910d,EE,2,"['AI', 'NLP']",57
ca7b83da-23ce-4083-8655-1028be743e61,CS,4,"['AI', 'ML']",73
0283d20f-12d7-4087-8346-976c74343b14,CE,1,"['Blockchain', 'NLP']",81
6e5fe34a-37fb-4195-8fea-33558ced888d,CS,2,"['Networks', 'AI']",67
5eaebdb1-d28c-4d0a-927c-49f149c704d4,CS,2,"['Blockchain', 'AI']",86
a279cf1c-c5a8-4e7b-a203-507e35398cb2,EE,3,"['Networks', 'ML']",99
930b7349-88d1-417f-b660-a5413c5f250c,CS,1,"['Blockchain', 'Networks']",64
303003a3-da59-4acd-822e-a60041971ef4,CS,2,"['NLP', 'Networks']",83
46bc8ff1-45e8-4dd9-be21-989bbf02723e,ME,4,"['AI', 'Networks']",91
677ec0cc-4302-4562-bdb8-21204ada0a9a,ME,3,"['AI', 'ML']",98
ff0f2bc8-3727-480d-b69a-6921f2f9e1e6,CE,4,"['ML', 'AI']",50
725174d2-c7b4-48c5-b343-509fc445ad0b,CS,1,"['Blockchain', 'Networks']",54
5f7779f3-e541-492c-bc61-96c910cc07a8,ME,3,"['NLP', 'Blockchain']",87
1359f218-ad03-469a-b904-a50c2604b13e,ME,2,"['Networks', 'NLP']",82
f09c1eda-3d2c-4cdb-a742-e7aa0acf7d9d,EE,3,"['Blockchain', 'NLP']",84
f7b5a602-49be-4e91-8c0e-1d630749eed9,ME,4,"['Networks', 'ML']",97
12d1c0f1-4798-4f89-902d-b35b993dbf64,CS,1,"['AI', 'NLP']",50
420a1f57-0488-4131-aec3-4ffa1e188dc8,ME,2,"['NLP', 'ML']",90
ee84a2ef-3533-4d12-90b1-1a8e3c933c27,EE,2,"['Blockchain', 'AI']",95
df771cb3-6aa4-4b33-a8c8-99070c39a824,CS,1,"['Blockchain', 'AI']",52
de1fb54e-d3bf-4fd2-b221-a41b724397e1,ME,4,"['NLP', 'AI']",59
0c0ec3d1-1fd4-44e1-9121-0368438214a1,EE,3,"['Blockchain', 'ML']",69
fd7142bc-5f79-4a06-81bf-845f09d4d276,EE,4,"['Blockchain', 'NLP']",93
527b1a51-9bc7-4f98-99b5-a3fd25e57c2a,CE,2,"['AI', 'NLP']",70
4bc90f86-b106-4fda-86bb-69d3bd179133,CS,4,"['AI', 'NLP']",58
589b42ac-2aa9-4ae7-9ce5-7b86583792a3,ME,4,"['Networks', 'NLP']",77
a366a007-8800-4970-8ecc-a46862eb633d,EE,4,"['NLP', 'Networks']",61
160c2a86-89b2-4b41-8a79-8267351df504,EE,1,"['NLP', 'AI']",91
b042d18f-cd03-4e22-8269-7ed1b83c8b84,CE,1,"['Blockchain', 'AI']",90
4379f608-2484-43ed-8d46-4b9f0414ceae,ME,2,"['AI', 'Networks']",54
b4b987ac-c9dc-418e-9319-1dbbef47366f,CS,3,"['Networks', 'Blockchain']",86
7ec69062-f6fe-42d1-b717-738c4b8ef6e8,CS,1,"['ML', 'AI']",75
1379dadc-7d86-4dd7-a027-78e4c4b7fd6f,ME,4,"['Networks', 'Blockchain']",57
0f6b8558-be49-4d75-8f48-aaa58b137a40,ME,4,"['Blockchain', 'ML']",96
cf7cac3e-369b-4b7b-b783-55acff25267d,EE,2,"['Networks', 'Blockchain']",97
d630e8a5-e91d-451f-87c2-b4b48fe45cc9,EE,1,"['AI', 'Networks']",54
07ec68ec-37cb-4213-8080-058fdf7c47d8,ME,3,"['NLP', 'Networks']",95
83b68617-d5a6-40b2-a3fd-534f128696c5,EE,2,"['Networks', 'AI']",72
f844ee43-dcb8-4a0e-8323-f3259870b6b2,ME,4,"['ML', 'AI']",89
2e1f54bf-e63b-4c52-ab97-79f95f082dcb,ME,4,"['ML', 'AI']",87
50e78a44-457a-4f39-9acf-9bb046ad2d3f,EE,1,"['AI', 'ML']",74
800d1d43-a1c7-46af-a345-4dbadb95cbb8,ME,4,"['Networks', 'ML']",95
ea907338-48d1-4fac-905f-107caf7a2d81,CE,1,"['NLP', 'AI']",60
1b1c5f42-6663-4b3d-bc04-f24bc5587060,ME,1,"['Blockchain', 'Networks']",65
238a2f4a-fe38-4976-ad83-502c68c3b923,CS,2,"['ML', 'Blockchain']",53
03756090-efbe-48d6-9096-979234a043e6,CS,2,"['AI', 'Networks']",71
5047d18b-643d-4408-8caa-966a46a15e57,ME,2,"['AI', 'Blockchain']",72
6ffdbcbb-42f7-4f3e-b660-a4de07df46c5,ME,3,"['Blockchain', 'ML']",67
bae3d5ac-dab0-45af-9c00-e28e3ed98ebe,CS,1,"['Blockchain', 'ML']",74
bdb5d163-c486-454a-a4a5-09ce977497b5,EE,1,"['AI', 'ML']",63
3699fb82-2652-4d0d-95ee-0580fe1e7b91,CS,3,"['NLP', 'Networks']",60
57c5534a-9cb7-4404-bb6e-d9560169e4bd,ME,2,"['Blockchain', 'Networks']",65
61bd9a9a-55cc-434d-bd00-908fbe9dc7ea,ME,2,"['AI', 'Networks']",66
5c6a608d-dc41-4833-a670-b01a0b6ae808,EE,1,"['ML', 'Networks']",56
08d2e4b8-6be0-46f7-aebb-b8f3c13ccba0,CS,2,"['AI', 'ML']",59
d2956b4a-4fb4-45ce-b9f6-45091b899c67,EE,4,"['NLP', 'Networks']",89
b7aca527-80b2-427c-830b-f07e59192aac,EE,1,"['Networks', 'ML']",59
32ecd0e5-f3b8-4685-8050-2e298badcaea,CE,3,"['Networks', 'AI']",60
25537ac7-a1e3-4b63-8603-2d2f35f9037c,CS,1,"['AI', 'Blockchain']",73
07058fa6-e0e5-43e3-a8f0-e0c917359a90,CS,4,"['AI', 'Blockchain']",61
67966c5c-caff-432d-ae48-8b81ae13d594,EE,1,"['Networks', 'ML']",58
2fb1cf15-220f-49ea-94e4-ca1a86fbcc41,ME,3,"['Networks', 'NLP']",81
9ae514cb-49c1-459a-8229-c9d16bdc32dc,CS,4,"['Networks', 'AI']",93
03c57e57-2c4d-4767-9e07-4192a3e38b7d,CE,2,"['Blockchain', 'ML']",65
7b74f0a1-41e6-4c10-ac3b-b246faef4232,CS,2,"['NLP', 'Blockchain']",78
14289a6b-fee4-4467-949c-ac6fad9e5c8d,EE,2,"['Networks', 'Blockchain']",68
e6a8ea6f-055f-4381-97bf-7dcbe7e74a4a,EE,2,"['ML', 'NLP']",61
21addb07-61c4-4098-beb9-d0102e9d89db,CE,4,"['ML', 'Blockchain']",54
bcaab50f-ad78-4e1a-b9e3-bb581610fcc5,CS,2,"['Networks', 'AI']",62
9a1219fb-8b3f-41c9-8c4c-d97c76a6b25a,ME,2,"['Blockchain', 'ML']",52
bccc94a9-a527-4875-92b5-22daf6398fc6,ME,1,"['Networks', 'NLP']",60
368b9db7-2ca3-43f7-8a59-fa4cd41b1364,ME,2,"['Blockchain', 'NLP']",80
dcef610b-4675-4144-8d6c-16015c243038,EE,2,"['Networks', 'NLP']",84
ef1c3059-bdb4-4dbd-ba7c-3b8862754e79,ME,3,"['Blockchain', 'Networks']",85
4378c5c2-fa54-4715-9aa9-c513e5369502,CE,3,"['ML', 'Networks']",64
89515c54-eff2-4cd6-bb77-7df2049232b3,CS,3,"['Blockchain', 'ML']",80
70e5a5ea-6ffb-48af-b96f-03599cff60d6,CE,2,"['NLP', 'AI']",74
518cb8a3-e8be-4229-881e-3b49f9fdd1b6,CE,4,"['Networks', 'ML']",88
0ba98f3a-2120-43f5-ba11-7b1324112c46,EE,1,"['Networks', 'AI']",63
65ace651-3a69-4504-8e73-7c693c2ae62c,EE,3,"['AI', 'ML']",71
25879c29-dd81-47cf-bac5-b19c38dedf66,EE,4,"['NLP', 'AI']",90
6980a18c-dcf3-413e-b94f-701f24d4748c,CE,4,"['Networks', 'AI']",67
b9669cac-9879-4ee6-936d-5c9eb33dffb3,ME,4,"['AI', 'NLP']",80
adc3ace9-df02-470a-9f06-86f9bb69d7d4,EE,4,"['ML', 'Networks']",88
3eb041e0-c400-437d-b2b5-d3262e24a65c,CS,4,"['AI', 'Networks']",61
6db112fb-a49a-488c-b31b-e40cd9bcd2e0,ME,3,"['AI', 'Blockchain']",67
16c45df3-0ccd-4911-8c2e-6af8c1a98985,ME,2,"['Blockchain', 'Networks']",95
6bc86605-0f2b-4210-b652-3ad9938f1cb3,CS,1,"['AI', 'Networks']",93
1728b798-8b85-4c99-b284-dd15240713a3,CS,4,"['Networks', 'NLP']",74
87fb5f78-4ac7-421e-bf63-5912dd6f3fb3,CS,4,"['Blockchain', 'ML']",87
139455b0-2884-4758-becc-5b95d4bc8777,EE,4,"['Networks', 'ML']",83
0589a2ae-fc62-46dc-88a0-56e98a0a1452,ME,2,"['AI', 'ML']",98
9843c209-5313-4d92-8416-f001a089e5e2,CE,2,"['NLP', 'Networks']",56
93f61b53-11b3-47e2-b48a-c44080ca065e,CE,4,"['NLP', 'AI']",57
7e39ebb8-7122-4676-a06e-eb4365ddfc24,CS,3,"['Networks', 'ML']",79
d78272e9-4318-4f06-a210-2682480a4c8b,EE,2,"['AI', 'Networks']",82
427e3042-0a01-43f5-9132-2e0b09f59024,EE,2,"['ML', 'Blockchain']",86
1cf46a14-f176-4540-b376-c0960122b453,EE,3,"['Networks', 'AI']",62
5878ffac-464f-4176-afcd-eb4aa7b1be2a,ME,2,"['ML', 'Blockchain']",84
d7c87500-6e94-4ee1-908c-507b8d9592a0,CE,3,"['ML', 'Blockchain']",50
44ff3afa-4080-4523-adde-8c99fe733c8b,ME,2,"['ML', 'AI']",62
237a2ffe-4024-413c-a465-5f97536b42a3,EE,2,"['NLP', 'AI']",69
39ffd6e7-eea4-4b90-bbc9-cc7d412bdac4,CS,3,"['Blockchain', 'NLP']",74
c0a3fa21-daa9-41da-81d5-8053139548a3,CE,4,"['NLP', 'Blockchain']",86
9d86eb0f-077e-437d-8fae-c6d588197460,EE,2,"['Blockchain', 'AI']",76
187468f4-c04e-400a-b3b0-d458024246ea,CE,4,"['NLP', 'AI']",57
70a8deed-bdcb-4116-9291-64603917b7d6,ME,3,"['ML', 'Networks']",75
a61c85b5-c826-46cf-bcda-d6dd06bce795,EE,3,"['AI', 'NLP']",94
b3adb822-90e8-421d-940a-62c3c9f40a4b,EE,1,"['AI', 'NLP']",77
e97fb08e-fd18-4b50-9a3e-f726f15b78a6,EE,4,"['Networks', 'AI']",51
0118b9fe-0c27-4357-8fb3-c46bcf3bf449,EE,3,"['Blockchain', 'Networks']",88
70af90fb-4de3-460d-ba19-46854d96846c,ME,4,"['NLP', 'Networks']",60
946766fc-cac2-4d2a-934d-d7d7949aaaa3,ME,1,"['Networks', 'AI']",69
65249d3e-863f-4f8c-ba22-8f2008cff9cf,CS,1,"['ML', 'Networks']",63
663d5fe7-8074-4865-b501-d86a0c035267,CE,4,"['ML', 'Networks']",83
103b7dce-2c9a-4b46-948a-fa02280363e3,EE,1,"['Networks', 'NLP']",100
e07c5245-3b28-4400-a895-00594a4f997a,CE,3,"['Blockchain', 'NLP']",85
f971511a-05bf-4511-a926-ef6e24c879c6,EE,3,"['NLP', 'Blockchain']",52
3fb0c3f1-0f36-4466-9e74-01a3665e3208,ME,3,"['Networks', 'AI']",62
e13b4a43-e5ff-4975-9db6-95824c5ef517,ME,3,"['ML', 'Networks']",86
07b4738e-74ca-4486-8579-488cc36afae9,ME,3,"['Networks', 'ML']",94
48252b7c-ada7-4609-bf24-ce6a55f90f39,ME,2,"['ML', 'AI']",96
fc6a4336-a838-47d7-8b89-85a88775b2e4,EE,1,"['NLP', 'Networks']",63
f26c9f94-c445-477c-b348-ecd67bc85ee2,EE,1,"['Networks', 'NLP']",65
222c3945-b0f4-4ea0-b9e0-15db30510a1e,CS,3,"['AI', 'Blockchain']",54
e1c7e399-c3f3-4144-834e-30a7853e1282,ME,1,"['ML', 'Networks']",77
94c50dbe-15c8-461b-ba5f-62c66382a9a7,EE,1,"['AI', 'ML']",53
7a0c7082-4a83-4fb0-9d12-209f955409ec,EE,1,"['Blockchain', 'NLP']",90
e63a2c7d-bc52-41bd-9d77-4d3d773d3966,CS,1,"['Blockchain', 'Networks']",87
73481806-cb33-4deb-8bdf-8d9bb30d663d,EE,2,"['NLP', 'AI']",97
7022cff1-368d-48b2-92ef-01bf48bd558b,CS,3,"['Networks', 'Blockchain']",64
50b65e10-4977-4c7d-ae7a-4e9b2dd87032,CE,4,"['Blockchain', 'AI']",99
15959f4a-0400-484a-9d93-470fe8e89651,CS,2,"['NLP', 'Networks']",75
8b7aebb0-601c-4600-97f7-a15db1e6c1e4,CE,2,"['Networks', 'Blockchain']",57
58ce3205-9d9e-4b0b-adfa-dce8d0d8ef01,CE,2,"['ML', 'Blockchain']",94
7ef90a65-e96b-4be0-aba1-d52cb2d906ab,CS,4,"['NLP', 'Blockchain']",66
f98056d5-7d2b-47ee-a501-130293871e12,CE,3,"['Blockchain', 'Networks']",55
724b4c25-a579-48f7-9c7b-afefb705fa9c,CS,4,"['ML', 'Networks']",71
dfe6659e-a73c-48e3-a827-79930c28722c,CE,4,"['AI', 'ML']",66
2c9c0ec0-1194-440f-82d3-a22e8da4cad4,CE,3,"['AI', 'ML']",57
0e03f7a0-f73d-4671-b7c7-d27a61129275,CS,1,"['Blockchain', 'AI']",86
b5556d3b-3512-404a-b591-f078e65c7d4b,CS,4,"['ML', 'Blockchain']",76
a90312d5-9c82-4adf-9577-4cf1bf09dab5,CS,1,"['ML', 'Networks']",80
7703e409-f0fe-483b-a648-e55d331a2005,CS,3,"['ML', 'NLP']",83
8e2d462b-702c-4551-bc8f-5c3ca8817e9b,CS,1,"['NLP', 'ML']",50
0c867e8c-9148-4c3d-bf01-7f5769fe1fba,CS,3,"['AI', 'ML']",93
aa104501-bca5-47f2-ae34-7054654cef0c,ME,1,"['NLP', 'AI']",95
61872fc3-beb1-4e03-b977-b64201496d6b,ME,3,"['AI', 'Networks']",55
55907e11-70bb-4908-b43c-7c4d2e0399d1,ME,1,"['AI', 'ML']",97
8fc319af-e369-45ef-a666-9851b03a3edb,CS,2,"['Blockchain', 'Networks']",60
fcbe7a19-1ff8-455f-b74e-be79b9775fb2,ME,1,"['ML', 'Blockchain']",83
9ba22ccb-75ba-46ef-a0cc-ffe7b0d9c31d,EE,4,"['AI', 'Networks']",88
fad6ae1b-22cc-4139-b48d-43d0c2666057,EE,3,"['Blockchain', 'Networks']",93
04a8d9c2-ef8b-462d-903a-bbac908556c8,EE,3,"['Blockchain', 'AI']",68
054acdc2-5c1b-4dc9-b1fc-c13b3091526f,CE,3,"['ML', 'AI']",59
58840391-64ca-4488-94d3-0b90f2341e5a,CE,2,"['Networks', 'NLP']",95
65b8cfed-2a3a-420c-b6fe-95b0d164a456,ME,2,"['ML', 'AI']",91
7890a465-4d8d-4421-9ed5-6e1f6f28970d,ME,3,"['Blockchain', 'AI']",70
237d3e3c-3bfa-41a9-8677-b2f82aeacb17,ME,3,"['AI', 'NLP']",72
c298cef9-c2d3-477f-bb30-14965e3b119d,CE,1,"['ML', 'NLP']",74
f1365097-6556-4646-8c60-bb8b5bd47184,EE,2,"['Blockchain', 'AI']",98
4005ac9b-e14f-49e5-b535-824e4d4dfc10,CS,1,"['Blockchain', 'ML']",96
e439b32d-3a98-42a5-9e6e-a686422e3991,CS,1,"['AI', 'Blockchain']",97
6c3ef0d9-7369-4347-9bd6-0c56bb30ea26,CS,1,"['Blockchain', 'Networks']",55
d82686d0-2199-461f-9562-2189fc90fd6c,CE,4,"['ML', 'Blockchain']",60
bbf3eeee-4435-4502-b9d0-3265e2704a75,ME,2,"['Blockchain', 'NLP']",91
68f4d674-b142-47a6-bbad-202642bbfb9c,CE,1,"['Blockchain', 'NLP']",90
d9a3bed9-21f8-4b67-adfc-de2198c2e75e,CS,1,"['AI', 'NLP']",77
a89af917-97ba-413f-a603-1ac2fae887b0,EE,2,"['ML', 'AI']",63
e1f939bf-a87b-428a-91d7-6e7688b19d34,EE,2,"['ML', 'Networks']",58
efe30794-c943-457a-a99b-3bbbceef7e29,CS,1,"['Blockchain', 'NLP']",70
80fbe642-04a4-4d4e-9b2a-fb315b96b096,EE,1,"['Blockchain', 'ML']",95
30393b27-7f19-400f-911e-e0644e5da933,CS,4,"['Blockchain', 'AI']",99
75c2a37c-b748-4816-81ea-b9d091f8cee9,CS,2,"['Blockchain', 'ML']",80
e994c0e2-e626-4c4b-9dbe-b15f24085bed,EE,2,"['Blockchain', 'Networks']",67
631eabb6-7b97-4b34-b4f1-6bb66729676b,EE,4,"['ML', 'Networks']",57
f2616701-de71-454a-9548-c650bb3ed5a0,CE,3,"['Networks', 'ML']",76
09435b4e-968c-4528-bd84-7cc5a0a419d5,CE,3,"['Networks', 'NLP']",62
b5655d39-7f3a-426f-95c9-e598fd8233cc,CE,2,"['Networks', 'Blockchain']",59
f9a864d4-90df-46bd-b793-5d2b6e339ba5,ME,4,"['AI', 'NLP']",92
1782d88f-f534-4394-907f-b271a25e842b,CE,4,"['Networks', 'ML']",62
8414cda3-7fc1-4af5-86ca-1774434f37a4,CE,4,"['Networks', 'AI']",62
ef77b320-14f6-40eb-99cd-0ca254b1d655,EE,3,"['Networks', 'NLP']",89
e7f41201-c3e0-4991-94b5-ecca498f440c,ME,2,"['NLP', 'Blockchain']",78
d73d497b-362e-41c3-ab1b-5ee29a96bfad,EE,1,"['NLP', 'ML']",96
958b4bd2-c1f6-40b3-9529-872996490809,CS,2,"['NLP', 'Networks']",100
d3858bad-3d83-4eea-aa5e-5e5effc5b52f,CE,3,"['NLP', 'ML']",84
5a6746e3-0fc7-4472-8a18-5741366b932c,CS,4,"['Networks', 'Blockchain']",76
b52fb46b-fa23-441c-a998-602c326e9faf,CE,1,"['ML', 'Blockchain']",63
661cb0df-b858-44fb-8773-c72aefa598e4,EE,2,"['Networks', 'NLP']",76
66a15028-5ef3-4c37-8459-683fd20d6e43,EE,3,"['Networks', 'NLP']",85
b6bfe29c-2fcc-492f-9738-ded385bedb64,CE,1,"['ML', 'Blockchain']",72
af52d0d1-c64d-4738-a9a5-e1fe20d3eaa2,EE,1,"['ML', 'AI']",59
a8fb7459-0a62-48e1-b8df-c41db840efd7,CS,3,"['Networks', 'Blockchain']",71
96121aa1-e273-4c06-b84d-c0dee820bb5f,CS,2,"['NLP', 'ML']",84
1826d39e-94a7-4512-8603-673ba6e48f54,CE,2,"['NLP', 'ML']",90
6de33bc8-5ae0-4509-ae4b-155a872778b5,CE,1,"['Networks', 'Blockchain']",52
272b2f39-c95a-41af-b521-0823d17f1e1b,CS,3,"['Networks', 'NLP']",60
71ce65c7-f21a-4e15-8df6-4c46f6625d1a,CS,2,"['AI', 'Blockchain']",90
18f65f6f-c7a1-4688-a47e-a6681e1880f2,CE,2,"['Networks', 'NLP']",92
82ead38b-2319-4736-94b0-cbe1eef315f6,EE,2,"['ML', 'NLP']",92
05ce4aeb-5b81-44a5-975f-a20c227c6dea,CE,4,"['Blockchain', 'Networks']",84
db044858-699f-4093-8f38-4bba98f43c05,CE,3,"['Blockchain', 'NLP']",71
785abf25-0902-4355-b4f8-1975bf798e4e,ME,4,"['NLP', 'AI']",87
6d27f9d0-a63b-4e6e-939d-601bbc43d972,CS,3,"['AI', 'Networks']",71
311eeea8-51cb-49bb-88ad-f1249002ea70,CE,2,"['ML', 'Networks']",61
6b170f0f-a77e-4a98-a9b4-fcc88b498328,EE,3,"['NLP', 'Blockchain']",70
ee5fd37e-3721-4ec0-b5ee-2ce90ab2492b,CE,1,"['AI', 'Networks']",90
820aa3fd-3f95-4f5f-947f-1f390294d45d,EE,1,"['AI', 'Blockchain']",68
e031e5fe-5abd-4320-bcb5-107baf92d7d4,CS,4,"['Blockchain', 'NLP']",64
865da09f-0577-4853-bd10-00997b371aa6,CS,3,"['ML', 'Blockchain']",69
297e89d5-26bf-4708-ab3a-9ae86d1f774e,CS,3,"['ML', 'Blockchain']",90
61d58191-7975-4a5c-9f1e-4cb2a93f727d,CE,1,"['Networks', 'AI']",61
a95767c6-e868-4a24-a9de-6c313c904a87,ME,2,"['ML', 'Blockchain']",67
eda29a8d-9c9f-4069-90c4-607599da92a6,CE,3,"['AI', 'Blockchain']",77
59dd0f40-2db5-45d7-83b4-04b997510262,CE,2,"['NLP', 'Networks']",86
df21bd72-aabf-4cff-acfd-c5f0c14100ca,EE,2,"['AI', 'ML']",71
e243998b-da63-4249-ac6d-011e95ab86a9,ME,3,"['ML', 'Networks']",68
26100d6c-06b6-487e-aae7-fc68d70d557d,EE,4,"['AI', 'Blockchain']",80
e5a0b669-4e8e-429d-93a4-769cb3e8fa7f,ME,3,"['Networks', 'NLP']",89
086d7597-9945-4e76-82d2-a30b3e1d984e,EE,4,"['Networks', 'NLP']",69
15e61428-0b50-4ec8-8d70-d196c219ba6a,ME,2,"['ML', 'Blockchain']",63
23894372-8ca4-49a2-8d7e-8e5a8d072607,ME,3,"['Networks', 'Blockchain']",67
8b512cf4-1a11-4b17-b7b2-c202dab5e01d,CE,1,"['ML', 'Networks']",90
f9ecc073-75c2-4872-bbc6-28bd6da74422,CE,2,"['ML', 'Blockchain']",92
26f035be-bb16-4fe6-b4c1-ff6750adce49,EE,4,"['Networks', 'ML']",74
2863b608-27cc-472b-bd7a-9b62a9ce1c1c,CE,1,"['ML', 'NLP']",92
73596feb-1dd3-4123-b093-3df6362b0732,EE,1,"['AI', 'NLP']",61
d709d006-edc2-4c3c-82ad-d1a3cbf8e583,CE,2,"['Blockchain', 'ML']",86
afdfe58d-98fa-4a28-ba34-52a92dcfa493,EE,1,"['ML', 'Blockchain']",96
83b7185a-c350-4563-90f6-8d6e999187f5,EE,4,"['NLP', 'AI']",66
4f20acdd-010c-4ad1-886d-819bfcdf6131,EE,1,"['Networks', 'Blockchain']",56
dfa11b02-a745-422b-a6a9-003b5a331ca9,CS,4,"['NLP', 'ML']",99
d5698ecc-fc65-4cdf-bf75-8b1644252e9d,CE,3,"['Blockchain', 'ML']",83
e7a34169-ab5d-4fb1-bbdb-f1667a93839f,ME,4,"['AI', 'NLP']",87
30b143a8-eeaf-4f6d-87ce-a96c98ef397e,EE,1,"['Networks', 'ML']",64
3c64c35a-00c1-465e-a27b-eb78d9562fd3,ME,3,"['Blockchain', 'NLP']",55
98387a28-962e-4467-8ead-01a9db458949,CS,3,"['NLP', 'Networks']",71
906e5bb0-3afd-4237-bd9f-9f33140db73c,CE,4,"['Networks', 'NLP']",91
bd1a6fbf-0d3c-448a-be6f-6fbd1234a730,ME,4,"['Blockchain', 'NLP']",50
8879c36b-2c82-4b0b-8d25-06916860f03f,ME,4,"['Networks', 'Blockchain']",57
d1804efd-7f80-496c-8c7a-3e5a4b041e76,EE,3,"['AI', 'Networks']",77
bf8c8f1f-31d3-4da3-9404-dfe9e948be80,CE,2,"['ML', 'Networks']",95
242b8bbb-feb8-4915-b5f7-36c12f4d4344,ME,3,"['Networks', 'AI']",70
93961b6f-fd9f-4c85-8801-b64758799a54,CE,2,"['Blockchain', 'ML']",85
37e79d14-5bce-4a4c-aded-4f0281f1f722,CE,2,"['NLP', 'ML']",73
91484f3f-082f-45fa-9776-d2325c8218d5,ME,4,"['Blockchain', 'ML']",74
0df9ccaa-3d02-4026-8cb6-38bcf27d8260,EE,1,"['ML', 'NLP']",50
b02bb21d-f500-4ab3-8503-469bbffb8fc3,CS,4,"['Networks', 'AI']",90
4d1a45eb-633f-40b5-996f-ad37364db7bf,EE,1,"['Blockchain', 'ML']",88
4aeed057-707d-413e-96cd-53df913bc6d9,CE,3,"['Networks', 'NLP']",75
1df81763-c177-4192-939e-00cdd3a119d6,CS,2,"['AI', 'ML']",80
ddef9b9f-988b-43d4-ac9c-3072e5a3582e,CS,1,"['NLP', 'Networks']",67
8cd61a12-3556-452c-8378-d72e40d2d54f,ME,3,"['ML', 'AI']",68
dc880244-7013-4854-98ca-5562c2db3b21,CS,2,"['AI', 'NLP']",92
9eb3b9c3-8142-4467-a86c-06a6595defad,CS,1,"['ML', 'Blockchain']",99
97b83af2-135c-4c79-9a72-2b4c610cbc89,CS,2,"['Networks', 'Blockchain']",66
1f4bef35-379f-424f-a3b8-2220d0d4b359,EE,2,"['AI', 'ML']",51
a1b77679-a240-41b9-8fa8-14d8546a9e81,CS,3,"['NLP', 'ML']",92
62592aba-55ce-4291-822a-65986e0b992a,CE,4,"['Networks', 'NLP']",71
e53e2447-c0b5-46c7-a3bb-df228787007b,ME,1,"['AI', 'ML']",100
fbafe685-1777-4f58-ae7f-fd6307bae702,CS,4,"['Networks', 'AI']",85
10dca9b7-689a-4571-b1da-df2d7f8cb641,CE,4,"['NLP', 'ML']",73
245ff4ed-b014-4ee2-90aa-a5d12596d489,EE,2,"['NLP', 'AI']",70
80b0f0fc-1044-4494-b50d-c551172a7aea,CS,3,"['NLP', 'ML']",58
47b1db3f-944d-42d6-b708-8e25e53cd263,EE,4,"['ML', 'Networks']",81
efa8ca5e-9cfa-45cd-b670-62c391a3cf68,CS,2,"['NLP', 'ML']",81
6648b4ae-f025-467f-ae25-3984289cb83e,CE,2,"['Blockchain', 'ML']",82
cd0f21fb-b3b7-41a0-bc81-2fe6f7428ed9,CS,2,"['AI', 'Blockchain']",53
edf0c955-3c4b-4785-95a1-bbd57a746710,CE,1,"['Blockchain', 'NLP']",67
a0ca66ad-deba-4dba-8a27-8c4ba9d6e2d0,ME,2,"['AI', 'Networks']",95
f5b5ed74-c4d5-44c8-9724-abb4fcd13712,EE,4,"['Blockchain', 'Networks']",76
7758aad8-83da-4be8-96b9-1d0460ddd345,EE,3,"['AI', 'Networks']",69
41a30968-d22c-432a-9b03-dd244a420b2a,ME,4,"['Networks', 'AI']",84
b28131b5-ae77-4ca3-b2c7-3353225ef9ed,ME,4,"['AI', 'Blockchain']",76
35c3b2bb-7b5b-4604-a5c4-08575983efb5,CS,2,"['Networks', 'Blockchain']",61
6134f25c-ae48-4039-a5c1-d7448c9880b6,ME,3,"['ML', 'NLP']",62
fdd281d6-a6b3-400c-b50d-b3c33e155b3c,EE,4,"['Blockchain', 'Networks']",87
3f2cd5ce-02b1-4e31-9f8c-911268161e32,CS,1,"['AI', 'ML']",69
bbe4f55d-e2b0-41c2-a9c1-99b1bbd88009,EE,2,"['AI', 'NLP']",96
eb3ae271-5e2b-4567-afe2-6796be5cd679,ME,3,"['ML', 'AI']",54
5ae76e11-641f-41b2-b0e4-f8779bfe2dd6,ME,3,"['ML', 'Blockchain']",63
f046d1c3-030e-4de0-adc1-545388323bd2,ME,1,"['AI', 'ML']",81
4ffbc10a-7789-4373-a334-0647428d6092,ME,3,"['NLP', 'ML']",72
7c65a0e2-8c25-473b-8b30-2a75e5e76edf,ME,2,"['Networks', 'Blockchain']",50
12a571d2-8953-48eb-b3d3-b3778bfedd73,ME,2,"['ML', 'Blockchain']",50
68aea8e8-f8ef-4bd4-829a-57d9c7aa7fbd,EE,4,"['NLP', 'Networks']",59
8c38cc59-e7c5-41b9-8a45-ebcc38e84aaa,CE,3,"['NLP', 'ML']",66
3342a7f1-7244-46b3-8610-628d9e2d0876,ME,2,"['ML', 'NLP']",95
abb51ccd-0a17-4d14-a87e-2a08ab41d7ec,CE,2,"['Blockchain', 'Networks']",72
e9e04c24-143f-4c77-9a61-26e05d3a8b32,EE,1,"['Networks', 'ML']",74
a4231d0a-3aca-4784-abc4-0705395aa51d,EE,1,"['AI', 'Networks']",85
81ccbdc7-bc5a-48ae-b8e5-e6d449f90811,ME,3,"['NLP', 'AI']",52
88a8123f-e72d-4a1f-a77c-ee61945b558b,CS,1,"['Networks', 'AI']",80
7cee6202-6451-4cec-90c9-015fff75084f,EE,3,"['Networks', 'AI']",51
e557019a-8192-469f-b14e-fe7d1ffa9815,CE,1,"['ML', 'NLP']",72
fb7c0f3a-ddf0-4542-9f12-a6321864bfe3,EE,2,"['ML', 'NLP']",75
1195ab05-ac5d-4304-baf9-f054f1c3ade8,ME,4,"['Networks', 'AI']",70
a7a84873-6733-4752-bfe1-529d7e2d6ad0,ME,1,"['AI', 'NLP']",71
8fb7dbdc-216b-4751-98b3-eea43c65ea30,CE,1,"['ML', 'AI']",58
568860e4-43c1-4f8b-8f8a-339c7bf8a756,EE,3,"['AI', 'ML']",52
c6b02981-ae19-4532-8c45-86785e3e7ed9,CS,4,"['ML', 'Networks']",51
89c64a95-ad12-46ef-a7fb-abe436d8a46c,CE,4,"['AI', 'NLP']",99
f17b1d03-6c81-4e52-aede-24e52eeb4d5a,ME,1,"['AI', 'ML']",96
8226d1fb-0291-4560-9799-ef6a7b2be8df,CE,4,"['Networks', 'ML']",87
ef37ac9c-6e70-45d0-be03-d2d27628e68a,ME,4,"['AI', 'Blockchain']",69
60b45590-643b-4350-9971-52e851960b6d,EE,3,"['ML', 'AI']",89
01314abd-6a66-4664-968b-557d00442995,CE,4,"['AI', 'ML']",63
6390bfc2-9879-43eb-b977-2a56d3fe84d5,EE,1,"['NLP', 'AI']",83
83905ff3-c46e-4ae3-86ab-146efd9274f4,ME,2,"['AI', 'Blockchain']",81
c2fb9c3a-1197-4423-a5e9-b50c8c51db8c,ME,3,"['NLP', 'ML']",97
841873eb-5a13-40a6-85ab-e7398f288d0d,ME,4,"['ML', 'Blockchain']",80
e9202776-44a5-4171-9e88-8352c32771de,EE,1,"['NLP', 'ML']",73
117b683e-0bca-44ee-b9f8-eca627469b2a,EE,4,"['Networks', 'Blockchain']",97
d9b814be-2e61-418b-82bc-a3cba173532d,ME,2,"['Networks', 'Blockchain']",99
5040fc8d-fa82-4829-97d3-7efd54264f84,CE,1,"['Blockchain', 'NLP']",72
3fc1d139-ee3e-4580-8ab9-e877b91a7853,CE,4,"['ML', 'NLP']",81
23beb132-6bd5-4595-996e-93f5b40bd81b,CS,4,"['NLP', 'ML']",81
7f877fda-a603-420c-b6c5-611ae3341bf8,EE,1,"['AI', 'Networks']",80
005cabb6-0724-47f2-8a6d-5584a5315d8c,EE,3,"['AI', 'Networks']",82
04a4c486-8102-44c8-aa75-277593c29240,CE,2,"['Blockchain', 'ML']",82
a7cd3705-27d1-4d90-ad74-c8307ad66045,CS,3,"['NLP', 'Networks']",63
b174531a-2f51-47d8-adc4-9f18d5fc00ce,EE,3,"['ML', 'Blockchain']",96
b84615a3-0e9a-4a59-91ee-2677680b7da2,CE,1,"['Blockchain', 'Networks']",75
efe82883-d8fb-41c8-8d11-bcd188a35d01,EE,4,"['Blockchain', 'ML']",55
ba2f8771-d5f4-48b0-85b5-17116dd4ecc0,CS,1,"['Networks', 'NLP']",52
e355be7c-24ed-4f2e-8efc-bbd841097afb,ME,2,"['ML', 'Blockchain']",100
4a665b79-637b-40e1-9a64-0d62cdbf2505,EE,1,"['ML', 'AI']",55
626a728a-2e5b-4ec9-8d33-0840d61d85ea,CS,1,"['NLP', 'AI']",77
8960ceae-db98-45da-bc4a-30cc7ae0e3b4,CS,2,"['ML', 'Networks']",82
4192deae-a917-4c14-add1-0e5b52ba9bb2,ME,2,"['ML', 'NLP']",60
eeedda9f-386c-484c-9613-512ece166c39,ME,4,"['Networks', 'AI']",98
f39439fe-662f-4de8-acfb-01eb0c971c8b,CE,2,"['NLP', 'Blockchain']",77
d1d35d67-7e8b-4475-808b-3b3faae6de04,CE,3,"['NLP', 'ML']",62
b726f7f5-5f42-4e43-9075-6bb68e5fff06,CS,4,"['Networks', 'ML']",85
a9268760-ffc8-4c4b-95c1-02d967ebc8fe,CE,3,"['Blockchain', 'ML']",84
db4be38a-de1a-41f9-817a-9c0aafc85c01,EE,1,"['Networks', 'ML']",76
ef69dd6e-d3d6-42eb-a6e9-c235d14d13ec,CS,3,"['NLP', 'AI']",79
e5ead4e4-d543-474c-9b9a-3157ff6bfd92,CS,4,"['Blockchain', 'NLP']",51
e589c13d-f542-4ffc-83e8-ea75ae1f6947,CS,1,"['Networks', 'AI']",82
1980aeb0-68fd-42c1-95be-3dbaa480a4bf,CS,1,"['AI', 'Networks']",71
0429bc8a-f8df-46f7-9945-291f64ba959a,CS,4,"['Networks', 'ML']",90
5e29ce58-8fe6-45e6-9533-243f1d6d21c2,CE,3,"['Blockchain', 'Networks']",97
1b36203d-f2ea-4067-bf59-cf84e9b2097b,CE,2,"['ML', 'NLP']",81
1ba15e48-b3f8-4b20-8f0e-2c586b5749bb,CE,4,"['Networks', 'Blockchain']",82
a57d1d10-571a-4999-8430-dfb88c49ca31,CS,4,"['ML', 'AI']",57
bd5522e0-5f02-4c14-a9e1-18bf98e6633f,ME,1,"['NLP', 'Networks']",97
7ebc9c80-76b6-4f51-981f-789796cdd139,CE,3,"['AI', 'ML']",100
a2dd29d6-e01d-469e-9fd2-0a94fdb1d9b6,EE,1,"['NLP', 'Blockchain']",68
fecfb18c-9729-4916-be6a-31472761dbc2,ME,4,"['NLP', 'Blockchain']",78
a7f7fdbb-9270-40fc-9d0f-7916c1568f36,EE,3,"['NLP', 'Blockchain']",75
5ec8bf1c-3fc1-405a-b25a-cfdbbc2e3638,EE,4,"['ML', 'NLP']",65
a0974f6b-2cd1-4124-8316-7338687c9082,CE,4,"['NLP', 'Networks']",56
832553d0-1dae-4190-be6d-690f8a928d0d,ME,1,"['Blockchain', 'ML']",57
274b5165-d8ff-41b3-b919-cff6a50c0631,ME,2,"['Blockchain', 'AI']",83
b2f7a574-6dc5-4af4-aebb-70479576db1b,EE,4,"['Networks', 'ML']",75
758eea3d-ace5-4aae-96a8-c6b8f5ff79b0,EE,2,"['AI', 'ML']",100
e29734fc-b50d-4c5c-816f-13165efa99d9,EE,4,"['ML', 'NLP']",51
c87b2b67-2bf3-4bc2-a91a-f0863ac6e0e4,CS,1,"['ML', 'NLP']",78
c578cd93-01fd-49b5-ad01-8ffc3f596fde,EE,2,"['NLP', 'AI']",61
1de86591-1573-4c7b-a199-f12b6a471a96,CS,4,"['NLP', 'Blockchain']",70
30723c96-8ceb-4863-8859-91f3baee74d4,EE,1,"['AI', 'NLP']",77
b851d997-6e98-4cda-bcc4-8633f7e894fc,CS,4,"['NLP', 'AI']",50
bd916cc5-f9d6-46e4-8f69-956c5427330b,EE,1,"['Networks', 'AI']",84
c6e4a69d-34f5-422e-993b-97baa3c5c5e9,CE,3,"['NLP', 'AI']",56
88f25bf8-48c5-4025-a1c4-dbbaa08839d6,ME,3,"['ML', 'Blockchain']",81
808821fb-292e-4795-95c4-a3102e5daa95,CS,2,"['AI', 'ML']",89
4c196701-b4f2-49c4-bddd-061e6a873b97,ME,3,"['AI', 'ML']",71
5b9d5d0e-f216-438d-9830-9723c0ebe1f6,ME,1,"['ML', 'AI']",50
969b2c3f-8c03-4bb9-b1b0-39e6ace72db6,ME,4,"['AI', 'Networks']",59
19c3b7ab-ebcc-4eba-80cd-54385622dbb2,CE,4,"['AI', 'Blockchain']",60
366a8f2e-2432-4dce-b5e5-cbe819cbe145,ME,2,"['Blockchain', 'NLP']",54
032d7da7-e5c4-49ee-8986-aa21386b1de3,CE,2,"['AI', 'Blockchain']",82
53cd3945-1755-4181-85f7-9be8c43e2201,CE,4,"['AI', 'ML']",100
f6d2f39a-96ca-42f1-b272-43c6b816a52e,CS,4,"['Blockchain', 'NLP']",93
94f3f5ea-1d51-4a10-b46b-604d5348189e,ME,1,"['Blockchain', 'AI']",56
0f35cce8-17bd-4982-8139-f562714d2369,CS,2,"['AI', 'NLP']",77
